post_ARPPU,pre_ARPPU
629.0,620.0
536.0,619.0
503.0,596.0
649.0,578.0
667.0,752.0
607.0,695.0
667.0,670.0
743.0,641.0
720.0,589.0
498.0,435.0
705.0,828.0
562.0,697.0
411.0,574.0
556.0,
439.0,562.0
519.0,499.0
687.0,628.0
444.0,524.0
556.0,745.0
630.0,716.0
594.0,584.0
607.0,
519.0,514.0
494.0,418.0
645.0,
518.0,
603.0,568.0
580.0,542.0
602.0,729.0
769.0,
352.0,526.0
395.0,561.0
688.0,
432.0,516.0
573.0,471.0
498.0,494.0
583.0,526.0
523.0,518.0
503.0,756.0
703.0,708.0
601.0,
595.0,636.0
779.0,661.0
677.0,775.0
599.0,688.0
466.0,416.0
697.0,
719.0,615.0
476.0,589.0
663.0,678.0
774.0,716.0
632.0,682.0
680.0,703.0
588.0,541.0
584.0,481.0
545.0,612.0
524.0,621.0
584.0,610.0
618.0,630.0
605.0,777.0
707.0,561.0
734.0,735.0
554.0,510.0
577.0,607.0
416.0,362.0
543.0,459.0
694.0,667.0
497.0,471.0
582.0,
564.0,559.0
399.0,
550.0,601.0
558.0,516.0
568.0,475.0
550.0,655.0
556.0,569.0
514.0,
518.0,562.0
536.0,544.0
604.0,603.0
653.0,
566.0,537.0
605.0,639.0
510.0,643.0
747.0,651.0
422.0,
662.0,553.0
683.0,
473.0,462.0
566.0,525.0
776.0,645.0
645.0,
491.0,578.0
545.0,540.0
683.0,651.0
655.0,761.0
535.0,
376.0,294.0
480.0,546.0
598.0,549.0
759.0,701.0
620.0,625.0
641.0,
539.0,459.0
504.0,
565.0,636.0
558.0,583.0
567.0,
833.0,786.0
638.0,
533.0,667.0
568.0,471.0
736.0,
774.0,559.0
545.0,564.0
681.0,832.0
493.0,531.0
668.0,
532.0,474.0
652.0,630.0
589.0,572.0
769.0,680.0
644.0,589.0
531.0,423.0
773.0,689.0
753.0,645.0
745.0,584.0
715.0,715.0
513.0,700.0
676.0,707.0
644.0,626.0
500.0,
469.0,573.0
564.0,662.0
696.0,727.0
654.0,639.0
642.0,692.0
738.0,728.0
771.0,689.0
576.0,589.0
664.0,691.0
444.0,619.0
559.0,667.0
388.0,463.0
652.0,675.0
475.0,662.0
543.0,642.0
730.0,641.0
582.0,575.0
610.0,564.0
739.0,658.0
500.0,
524.0,593.0
477.0,523.0
458.0,486.0
486.0,443.0
597.0,592.0
658.0,704.0
533.0,
774.0,680.0
619.0,637.0
426.0,529.0
632.0,560.0
680.0,650.0
708.0,728.0
641.0,609.0
562.0,652.0
554.0,617.0
633.0,565.0
518.0,558.0
620.0,564.0
426.0,
609.0,790.0
529.0,340.0
605.0,543.0
474.0,425.0
344.0,376.0
498.0,500.0
528.0,575.0
686.0,636.0
588.0,417.0
810.0,715.0
726.0,676.0
494.0,486.0
733.0,815.0
616.0,671.0
609.0,605.0
652.0,744.0
547.0,416.0
792.0,
485.0,500.0
705.0,592.0
712.0,632.0
694.0,479.0
515.0,
581.0,
532.0,497.0
738.0,799.0
546.0,473.0
627.0,
658.0,
676.0,795.0
527.0,
637.0,498.0
555.0,612.0
606.0,618.0
518.0,528.0
753.0,808.0
599.0,
557.0,
779.0,724.0
791.0,
726.0,666.0
549.0,599.0
620.0,646.0
485.0,529.0
624.0,748.0
495.0,
783.0,753.0
572.0,505.0
827.0,721.0
569.0,579.0
686.0,695.0
435.0,496.0
679.0,659.0
506.0,
787.0,642.0
598.0,
585.0,593.0
621.0,
756.0,672.0
626.0,630.0
517.0,583.0
622.0,576.0
567.0,716.0
742.0,648.0
618.0,669.0
568.0,498.0
665.0,729.0
792.0,666.0
761.0,632.0
487.0,
644.0,623.0
574.0,527.0
650.0,631.0
691.0,589.0
544.0,616.0
633.0,632.0
793.0,663.0
550.0,
518.0,670.0
747.0,
592.0,700.0
581.0,
459.0,591.0
751.0,857.0
595.0,607.0
931.0,878.0
566.0,458.0
650.0,619.0
521.0,506.0
441.0,449.0
511.0,627.0
613.0,632.0
800.0,882.0
533.0,529.0
504.0,584.0
544.0,363.0
557.0,596.0
692.0,659.0
497.0,573.0
528.0,608.0
523.0,612.0
555.0,575.0
688.0,
838.0,813.0
582.0,703.0
507.0,537.0
603.0,569.0
756.0,614.0
558.0,
545.0,
551.0,658.0
477.0,431.0
598.0,550.0
703.0,678.0
533.0,447.0
584.0,550.0
680.0,633.0
541.0,554.0
699.0,733.0
647.0,454.0
507.0,589.0
557.0,471.0
761.0,776.0
368.0,478.0
325.0,436.0
578.0,586.0
762.0,
530.0,524.0
819.0,758.0
540.0,
572.0,611.0
647.0,719.0
665.0,578.0
615.0,432.0
595.0,726.0
644.0,586.0
493.0,515.0
600.0,606.0
736.0,
550.0,
462.0,485.0
464.0,522.0
664.0,540.0
493.0,541.0
583.0,652.0
494.0,527.0
676.0,406.0
537.0,421.0
592.0,585.0
555.0,609.0
463.0,532.0
774.0,750.0
628.0,501.0
691.0,597.0
474.0,528.0
801.0,721.0
519.0,628.0
645.0,608.0
589.0,693.0
618.0,589.0
587.0,554.0
683.0,708.0
638.0,599.0
712.0,814.0
491.0,515.0
497.0,
713.0,702.0
759.0,698.0
521.0,
565.0,
657.0,590.0
521.0,478.0
702.0,799.0
509.0,554.0
457.0,364.0
477.0,463.0
399.0,528.0
697.0,776.0
555.0,564.0
576.0,592.0
627.0,697.0
444.0,566.0
408.0,643.0
505.0,543.0
663.0,608.0
482.0,600.0
589.0,573.0
336.0,
516.0,539.0
618.0,702.0
599.0,
645.0,650.0
592.0,
521.0,677.0
578.0,
677.0,715.0
551.0,662.0
747.0,706.0
423.0,417.0
533.0,489.0
517.0,566.0
536.0,645.0
595.0,575.0
622.0,702.0
520.0,489.0
666.0,654.0
627.0,594.0
593.0,572.0
520.0,565.0
601.0,608.0
426.0,
620.0,605.0
591.0,601.0
584.0,561.0
498.0,536.0
668.0,638.0
393.0,505.0
546.0,571.0
823.0,649.0
556.0,571.0
671.0,698.0
618.0,621.0
426.0,516.0
648.0,704.0
826.0,730.0
740.0,797.0
614.0,520.0
598.0,499.0
452.0,
446.0,370.0
679.0,731.0
582.0,500.0
643.0,635.0
450.0,
562.0,689.0
539.0,646.0
640.0,663.0
562.0,650.0
568.0,590.0
714.0,688.0
650.0,624.0
347.0,458.0
514.0,577.0
456.0,504.0
509.0,362.0
646.0,692.0
554.0,627.0
612.0,505.0
494.0,602.0
515.0,542.0
563.0,513.0
658.0,503.0
657.0,691.0
510.0,507.0
488.0,664.0
626.0,601.0
660.0,409.0
699.0,599.0
492.0,373.0
615.0,558.0
381.0,579.0
493.0,686.0
835.0,657.0
631.0,654.0
602.0,
477.0,555.0
509.0,594.0
658.0,639.0
634.0,620.0
500.0,605.0
448.0,614.0
859.0,718.0
564.0,
723.0,
623.0,614.0
572.0,
715.0,828.0
646.0,753.0
677.0,593.0
555.0,392.0
702.0,
717.0,
620.0,532.0
403.0,537.0
821.0,
681.0,745.0
664.0,770.0
577.0,600.0
484.0,516.0
570.0,590.0
707.0,531.0
573.0,716.0
578.0,559.0
694.0,589.0
506.0,
811.0,683.0
644.0,725.0
412.0,550.0
572.0,
595.0,580.0
573.0,573.0
651.0,769.0
415.0,
707.0,575.0
536.0,458.0
550.0,
800.0,606.0
593.0,639.0
430.0,526.0
547.0,720.0
593.0,687.0
567.0,527.0
589.0,567.0
641.0,678.0
635.0,545.0
583.0,578.0
611.0,552.0
546.0,673.0
559.0,602.0
625.0,
514.0,399.0
791.0,824.0
794.0,662.0
498.0,
593.0,
534.0,557.0
588.0,
625.0,675.0
644.0,664.0
490.0,582.0
785.0,696.0
538.0,408.0
541.0,526.0
544.0,534.0
438.0,547.0
735.0,633.0
693.0,593.0
693.0,544.0
537.0,539.0
472.0,430.0
775.0,649.0
518.0,569.0
513.0,592.0
666.0,718.0
627.0,561.0
599.0,602.0
787.0,763.0
510.0,
442.0,417.0
528.0,756.0
570.0,
643.0,
744.0,644.0
717.0,690.0
538.0,665.0
676.0,624.0
491.0,480.0
482.0,692.0
401.0,
645.0,686.0
621.0,
489.0,665.0
566.0,603.0
698.0,666.0
589.0,508.0
408.0,447.0
612.0,707.0
564.0,600.0
565.0,599.0
599.0,529.0
504.0,478.0
613.0,594.0
791.0,737.0
579.0,609.0
636.0,850.0
641.0,604.0
723.0,
563.0,656.0
598.0,385.0
696.0,722.0
501.0,607.0
609.0,812.0
537.0,634.0
602.0,462.0
494.0,468.0
600.0,863.0
820.0,769.0
665.0,685.0
620.0,563.0
569.0,639.0
562.0,729.0
785.0,751.0
554.0,501.0
464.0,576.0
755.0,750.0
630.0,
671.0,640.0
695.0,662.0
674.0,652.0
741.0,765.0
524.0,685.0
641.0,626.0
482.0,506.0
646.0,675.0
541.0,543.0
495.0,569.0
651.0,648.0
642.0,567.0
362.0,463.0
456.0,474.0
696.0,654.0
505.0,320.0
541.0,521.0
638.0,629.0
598.0,575.0
531.0,654.0
482.0,421.0
494.0,686.0
671.0,550.0
688.0,640.0
750.0,672.0
540.0,600.0
743.0,741.0
688.0,494.0
422.0,590.0
663.0,526.0
684.0,636.0
672.0,551.0
569.0,579.0
649.0,636.0
824.0,702.0
774.0,632.0
512.0,427.0
651.0,
470.0,526.0
593.0,533.0
493.0,583.0
666.0,790.0
530.0,549.0
570.0,
667.0,663.0
738.0,706.0
810.0,880.0
581.0,
685.0,771.0
529.0,646.0
550.0,406.0
657.0,622.0
434.0,598.0
600.0,602.0
649.0,644.0
689.0,571.0
650.0,617.0
692.0,633.0
556.0,543.0
585.0,625.0
696.0,497.0
739.0,590.0
399.0,399.0
611.0,651.0
622.0,
648.0,594.0
514.0,696.0
620.0,473.0
577.0,515.0
687.0,709.0
600.0,443.0
828.0,684.0
645.0,610.0
879.0,
383.0,530.0
625.0,596.0
609.0,709.0
705.0,642.0
482.0,593.0
473.0,683.0
576.0,633.0
653.0,682.0
681.0,618.0
658.0,607.0
590.0,534.0
875.0,766.0
786.0,
759.0,807.0
739.0,669.0
732.0,798.0
485.0,547.0
571.0,580.0
813.0,859.0
481.0,411.0
566.0,476.0
575.0,635.0
449.0,600.0
694.0,618.0
440.0,507.0
691.0,538.0
537.0,621.0
601.0,572.0
440.0,466.0
515.0,674.0
579.0,628.0
705.0,542.0
545.0,537.0
671.0,
620.0,620.0
494.0,603.0
549.0,
549.0,342.0
628.0,626.0
532.0,524.0
539.0,483.0
646.0,527.0
423.0,483.0
615.0,650.0
527.0,540.0
564.0,608.0
773.0,704.0
717.0,655.0
792.0,770.0
730.0,716.0
444.0,
412.0,560.0
787.0,815.0
452.0,396.0
495.0,480.0
486.0,
653.0,734.0
755.0,712.0
643.0,631.0
430.0,401.0
658.0,545.0
526.0,485.0
668.0,737.0
689.0,684.0
886.0,703.0
632.0,722.0
542.0,555.0
441.0,611.0
529.0,783.0
714.0,602.0
536.0,375.0
917.0,805.0
566.0,
516.0,541.0
472.0,429.0
357.0,451.0
616.0,544.0
627.0,667.0
698.0,670.0
505.0,
633.0,659.0
739.0,753.0
451.0,450.0
510.0,526.0
585.0,745.0
634.0,572.0
722.0,705.0
492.0,
480.0,383.0
556.0,634.0
642.0,608.0
582.0,642.0
641.0,613.0
683.0,596.0
557.0,
561.0,604.0
780.0,708.0
684.0,603.0
628.0,
556.0,628.0
538.0,584.0
785.0,
705.0,504.0
619.0,671.0
529.0,593.0
533.0,594.0
575.0,480.0
574.0,579.0
655.0,681.0
577.0,618.0
655.0,
486.0,
592.0,541.0
661.0,581.0
558.0,422.0
681.0,645.0
558.0,546.0
671.0,702.0
491.0,482.0
679.0,
542.0,467.0
552.0,485.0
639.0,704.0
521.0,650.0
673.0,570.0
524.0,565.0
533.0,528.0
559.0,617.0
823.0,653.0
805.0,592.0
575.0,689.0
768.0,579.0
430.0,490.0
719.0,666.0
498.0,531.0
473.0,507.0
714.0,648.0
571.0,510.0
646.0,505.0
602.0,
643.0,665.0
530.0,
635.0,657.0
834.0,759.0
476.0,507.0
638.0,480.0
603.0,616.0
602.0,541.0
606.0,660.0
623.0,764.0
596.0,400.0
500.0,467.0
585.0,668.0
674.0,739.0
635.0,625.0
705.0,737.0
436.0,576.0
457.0,582.0
835.0,
628.0,462.0
778.0,607.0
450.0,
911.0,719.0
661.0,
650.0,690.0
707.0,563.0
658.0,621.0
551.0,653.0
571.0,619.0
498.0,661.0
604.0,
675.0,766.0
565.0,650.0
499.0,580.0
386.0,481.0
489.0,474.0
706.0,459.0
462.0,552.0
739.0,611.0
480.0,570.0
586.0,614.0
368.0,400.0
672.0,648.0
692.0,702.0
470.0,567.0
579.0,471.0
548.0,542.0
484.0,716.0
664.0,679.0
564.0,672.0
543.0,553.0
680.0,754.0
519.0,644.0
743.0,
738.0,738.0
475.0,444.0
829.0,631.0
467.0,483.0
546.0,476.0
728.0,672.0
638.0,786.0
572.0,586.0
484.0,342.0
714.0,629.0
612.0,663.0
590.0,528.0
741.0,693.0
795.0,601.0
581.0,608.0
595.0,369.0
548.0,682.0
641.0,659.0
608.0,589.0
669.0,
521.0,
489.0,576.0
473.0,512.0
879.0,799.0
663.0,675.0
625.0,509.0
389.0,419.0
713.0,788.0
367.0,310.0
432.0,484.0
618.0,654.0
521.0,
604.0,413.0
738.0,
627.0,715.0
627.0,749.0
516.0,600.0
486.0,474.0
825.0,772.0
656.0,460.0
583.0,679.0
587.0,526.0
830.0,607.0
403.0,522.0
614.0,598.0
575.0,541.0
564.0,478.0
582.0,540.0
471.0,612.0
623.0,652.0
579.0,653.0
602.0,633.0
485.0,436.0
526.0,609.0
468.0,441.0
441.0,500.0
457.0,388.0
763.0,765.0
498.0,
608.0,664.0
598.0,672.0
553.0,451.0
560.0,
604.0,741.0
691.0,520.0
612.0,
515.0,522.0
488.0,
375.0,354.0
575.0,759.0
508.0,
627.0,596.0
465.0,558.0
603.0,521.0
516.0,569.0
618.0,592.0
644.0,641.0
665.0,
594.0,
532.0,537.0
631.0,715.0
744.0,746.0
607.0,735.0
667.0,754.0
614.0,590.0
781.0,800.0
674.0,768.0
522.0,544.0
533.0,473.0
632.0,669.0
681.0,
769.0,678.0
592.0,550.0
433.0,438.0
847.0,620.0
603.0,721.0
518.0,443.0
615.0,636.0
494.0,390.0
644.0,
750.0,657.0
626.0,581.0
552.0,552.0
500.0,521.0
727.0,745.0
664.0,664.0
456.0,712.0
532.0,683.0
643.0,537.0
357.0,415.0
743.0,679.0
468.0,556.0
522.0,630.0
442.0,446.0
496.0,504.0
619.0,549.0
415.0,452.0
501.0,501.0
693.0,586.0
603.0,600.0
680.0,652.0
573.0,613.0
625.0,577.0
558.0,469.0
627.0,
651.0,605.0
505.0,538.0
387.0,
562.0,626.0
652.0,625.0
751.0,619.0
668.0,726.0
479.0,
621.0,536.0
769.0,676.0
741.0,
648.0,699.0
566.0,
616.0,576.0
481.0,534.0
716.0,690.0
659.0,551.0
530.0,587.0
649.0,472.0
396.0,463.0
660.0,653.0
508.0,
728.0,724.0
561.0,450.0
522.0,565.0
541.0,587.0
621.0,618.0
652.0,
395.0,
631.0,580.0
637.0,470.0
702.0,636.0
689.0,524.0
687.0,594.0
424.0,
533.0,579.0
608.0,711.0
604.0,685.0
684.0,577.0
776.0,699.0
878.0,
558.0,622.0
573.0,509.0
528.0,573.0
747.0,599.0
782.0,644.0
488.0,525.0
677.0,560.0
673.0,677.0
468.0,566.0
522.0,564.0
669.0,734.0
501.0,616.0
429.0,476.0
664.0,635.0
619.0,539.0
716.0,780.0
699.0,698.0
672.0,602.0
678.0,751.0
605.0,664.0
603.0,707.0
619.0,505.0
608.0,657.0
577.0,493.0
630.0,
639.0,616.0
742.0,642.0
739.0,
689.0,547.0
490.0,577.0
511.0,330.0
539.0,517.0
595.0,704.0
489.0,536.0
613.0,533.0
530.0,526.0
709.0,805.0
596.0,503.0
614.0,672.0
666.0,655.0
699.0,744.0
613.0,
631.0,
381.0,534.0
636.0,
829.0,768.0
697.0,
544.0,525.0
671.0,570.0
410.0,
612.0,531.0
815.0,694.0
591.0,
568.0,693.0
535.0,625.0
705.0,775.0
528.0,534.0
617.0,591.0
577.0,635.0
372.0,479.0
558.0,659.0
655.0,621.0
579.0,677.0
367.0,275.0
757.0,655.0
441.0,474.0
558.0,
629.0,692.0
522.0,581.0
520.0,
634.0,615.0
522.0,567.0
601.0,
554.0,635.0
571.0,581.0
532.0,508.0
683.0,655.0
523.0,563.0
585.0,641.0
634.0,
808.0,644.0
456.0,369.0
745.0,778.0
613.0,549.0
530.0,684.0
580.0,606.0
531.0,504.0
490.0,488.0
453.0,630.0
674.0,
648.0,647.0
554.0,502.0
402.0,550.0
455.0,511.0
442.0,467.0
642.0,526.0
500.0,
513.0,457.0
499.0,591.0
501.0,569.0
584.0,493.0
595.0,637.0
637.0,
659.0,541.0
666.0,632.0
746.0,822.0
737.0,687.0
469.0,
592.0,679.0
462.0,575.0
592.0,609.0
597.0,515.0
377.0,397.0
515.0,578.0
711.0,713.0
589.0,536.0
380.0,514.0
429.0,491.0
679.0,691.0
573.0,390.0
489.0,
791.0,659.0
437.0,356.0
680.0,
696.0,771.0
584.0,542.0
565.0,561.0
721.0,714.0
832.0,791.0
501.0,607.0
648.0,641.0
663.0,562.0
627.0,692.0
582.0,612.0
676.0,
681.0,629.0
760.0,783.0
563.0,644.0
788.0,706.0
600.0,630.0
686.0,744.0
517.0,657.0
409.0,503.0
538.0,536.0
517.0,665.0
576.0,526.0
482.0,498.0
442.0,563.0
528.0,519.0
493.0,490.0
736.0,
595.0,590.0
474.0,611.0
611.0,527.0
370.0,592.0
847.0,768.0
526.0,494.0
581.0,662.0
418.0,452.0
664.0,706.0
677.0,789.0
615.0,567.0
893.0,660.0
649.0,565.0
673.0,561.0
698.0,643.0
660.0,637.0
658.0,567.0
600.0,547.0
592.0,581.0
598.0,569.0
440.0,590.0
619.0,669.0
503.0,574.0
463.0,626.0
632.0,675.0
536.0,491.0
594.0,695.0
686.0,747.0
612.0,741.0
539.0,704.0
718.0,726.0
651.0,
713.0,751.0
515.0,
617.0,
558.0,525.0
474.0,661.0
568.0,
735.0,859.0
883.0,
865.0,842.0
569.0,611.0
573.0,519.0
563.0,635.0
674.0,656.0
532.0,553.0
551.0,530.0
428.0,418.0
659.0,554.0
439.0,
607.0,686.0
549.0,511.0
557.0,498.0
714.0,680.0
591.0,
657.0,574.0
491.0,
507.0,503.0
401.0,478.0
520.0,516.0
553.0,603.0
706.0,646.0
681.0,707.0
557.0,702.0
687.0,
536.0,
668.0,617.0
563.0,525.0
386.0,522.0
412.0,362.0
680.0,767.0
647.0,525.0
556.0,584.0
714.0,711.0
599.0,
701.0,702.0
767.0,716.0
642.0,647.0
539.0,532.0
667.0,598.0
735.0,
633.0,772.0
473.0,474.0
729.0,
560.0,626.0
757.0,623.0
534.0,654.0
647.0,724.0
672.0,671.0
447.0,423.0
696.0,
534.0,
567.0,568.0
573.0,651.0
691.0,611.0
408.0,424.0
661.0,636.0
623.0,610.0
560.0,
534.0,591.0
396.0,572.0
420.0,327.0
725.0,
610.0,517.0
609.0,589.0
592.0,514.0
559.0,510.0
507.0,507.0
484.0,491.0
661.0,631.0
630.0,599.0
625.0,767.0
601.0,733.0
602.0,557.0
528.0,467.0
580.0,588.0
498.0,
597.0,526.0
656.0,581.0
537.0,518.0
715.0,623.0
473.0,567.0
484.0,592.0
795.0,732.0
725.0,609.0
781.0,693.0
521.0,524.0
685.0,608.0
637.0,720.0
634.0,608.0
907.0,709.0
726.0,751.0
564.0,577.0
589.0,583.0
758.0,683.0
563.0,572.0
738.0,636.0
735.0,
611.0,
834.0,737.0
636.0,619.0
560.0,528.0
523.0,467.0
587.0,591.0
489.0,454.0
452.0,537.0
681.0,594.0
685.0,523.0
691.0,624.0
543.0,432.0
439.0,
731.0,822.0
483.0,613.0
543.0,574.0
548.0,435.0
434.0,443.0
521.0,700.0
623.0,686.0
684.0,581.0
454.0,413.0
437.0,454.0
523.0,490.0
654.0,
773.0,720.0
641.0,610.0
638.0,635.0
640.0,657.0
535.0,519.0
731.0,
634.0,482.0
673.0,490.0
731.0,733.0
580.0,546.0
383.0,
376.0,509.0
761.0,656.0
617.0,593.0
668.0,765.0
564.0,501.0
564.0,404.0
682.0,811.0
715.0,504.0
632.0,678.0
577.0,623.0
593.0,639.0
586.0,722.0
653.0,500.0
550.0,636.0
518.0,607.0
689.0,716.0
497.0,549.0
407.0,532.0
504.0,
623.0,646.0
654.0,
492.0,575.0
552.0,490.0
499.0,518.0
547.0,650.0
542.0,410.0
549.0,518.0
633.0,587.0
577.0,628.0
634.0,588.0
611.0,490.0
696.0,571.0
586.0,670.0
462.0,489.0
840.0,
517.0,464.0
597.0,599.0
636.0,
491.0,484.0
526.0,671.0
617.0,499.0
582.0,
687.0,
705.0,
521.0,681.0
529.0,505.0
558.0,720.0
778.0,675.0
598.0,
536.0,459.0
678.0,609.0
592.0,512.0
650.0,500.0
702.0,544.0
555.0,599.0
554.0,738.0
528.0,
732.0,712.0
542.0,693.0
505.0,681.0
556.0,560.0
416.0,513.0
535.0,
553.0,549.0
680.0,635.0
477.0,629.0
450.0,503.0
440.0,402.0
259.0,
586.0,
489.0,535.0
568.0,
605.0,
629.0,544.0
511.0,385.0
512.0,551.0
780.0,619.0
596.0,643.0
639.0,
670.0,626.0
549.0,454.0
604.0,675.0
768.0,547.0
670.0,749.0
674.0,566.0
664.0,703.0
524.0,
643.0,776.0
531.0,512.0
475.0,
596.0,
653.0,674.0
667.0,680.0
513.0,689.0
613.0,639.0
496.0,381.0
675.0,625.0
583.0,539.0
457.0,
656.0,781.0
669.0,497.0
723.0,599.0
489.0,459.0
612.0,565.0
480.0,460.0
587.0,506.0
539.0,659.0
511.0,
562.0,517.0
432.0,527.0
730.0,649.0
570.0,500.0
697.0,
599.0,752.0
570.0,
584.0,
329.0,
731.0,620.0
642.0,
491.0,688.0
660.0,554.0
681.0,731.0
476.0,564.0
493.0,541.0
612.0,629.0
549.0,512.0
624.0,662.0
498.0,467.0
433.0,471.0
726.0,
767.0,721.0
608.0,520.0
592.0,548.0
506.0,536.0
699.0,477.0
524.0,
831.0,760.0
543.0,783.0
554.0,628.0
601.0,720.0
482.0,558.0
580.0,596.0
511.0,542.0
600.0,580.0
609.0,578.0
634.0,560.0
653.0,706.0
829.0,866.0
485.0,402.0
607.0,549.0
626.0,520.0
661.0,723.0
481.0,508.0
492.0,559.0
434.0,408.0
693.0,
616.0,684.0
632.0,
537.0,444.0
591.0,
701.0,
477.0,492.0
561.0,556.0
449.0,545.0
774.0,793.0
651.0,543.0
612.0,583.0
554.0,
412.0,589.0
705.0,
799.0,582.0
480.0,606.0
496.0,
716.0,715.0
733.0,693.0
444.0,563.0
629.0,624.0
505.0,582.0
471.0,661.0
643.0,682.0
682.0,720.0
634.0,627.0
651.0,629.0
659.0,613.0
595.0,496.0
505.0,
532.0,375.0
631.0,533.0
644.0,588.0
741.0,670.0
501.0,552.0
616.0,
624.0,
702.0,692.0
630.0,
553.0,592.0
663.0,569.0
683.0,590.0
513.0,572.0
588.0,642.0
794.0,702.0
678.0,577.0
827.0,557.0
576.0,676.0
643.0,650.0
548.0,512.0
693.0,682.0
643.0,600.0
628.0,423.0
683.0,551.0
676.0,592.0
597.0,608.0
715.0,
618.0,545.0
765.0,595.0
658.0,736.0
594.0,595.0
553.0,527.0
430.0,
498.0,550.0
644.0,609.0
414.0,421.0
555.0,613.0
625.0,672.0
536.0,
397.0,432.0
663.0,670.0
469.0,
732.0,689.0
786.0,695.0
475.0,508.0
443.0,497.0
501.0,713.0
797.0,670.0
526.0,613.0
696.0,617.0
625.0,707.0
442.0,485.0
491.0,644.0
622.0,
515.0,480.0
550.0,716.0
507.0,458.0
619.0,
647.0,431.0
408.0,455.0
490.0,415.0
608.0,637.0
622.0,550.0
646.0,656.0
606.0,568.0
359.0,557.0
655.0,613.0
612.0,525.0
709.0,587.0
426.0,432.0
531.0,651.0
583.0,631.0
656.0,815.0
667.0,
460.0,
782.0,
755.0,633.0
589.0,558.0
568.0,538.0
744.0,642.0
693.0,675.0
485.0,545.0
673.0,578.0
527.0,
710.0,652.0
560.0,569.0
478.0,
686.0,590.0
594.0,507.0
716.0,572.0
645.0,693.0
818.0,680.0
650.0,624.0
651.0,601.0
630.0,
784.0,721.0
533.0,526.0
744.0,
642.0,632.0
668.0,549.0
531.0,621.0
467.0,478.0
534.0,512.0
508.0,505.0
462.0,576.0
647.0,647.0
563.0,522.0
498.0,454.0
656.0,
624.0,674.0
607.0,600.0
895.0,903.0
644.0,
559.0,684.0
565.0,
476.0,583.0
620.0,575.0
555.0,701.0
447.0,475.0
632.0,547.0
611.0,587.0
749.0,791.0
434.0,487.0
693.0,401.0
623.0,
726.0,663.0
572.0,
564.0,442.0
597.0,604.0
541.0,599.0
420.0,456.0
494.0,519.0
699.0,
454.0,564.0
798.0,762.0
544.0,465.0
721.0,644.0
546.0,498.0
627.0,718.0
667.0,627.0
564.0,511.0
673.0,
476.0,613.0
416.0,677.0
478.0,577.0
623.0,565.0
412.0,498.0
742.0,731.0
612.0,693.0
673.0,547.0
639.0,
519.0,
595.0,545.0
831.0,731.0
546.0,
616.0,707.0
498.0,551.0
545.0,576.0
502.0,468.0
581.0,532.0
597.0,529.0
627.0,603.0
691.0,688.0
542.0,670.0
631.0,518.0
600.0,
495.0,553.0
437.0,602.0
523.0,611.0
588.0,532.0
758.0,615.0
568.0,533.0
623.0,594.0
525.0,520.0
593.0,484.0
522.0,
647.0,
678.0,736.0
564.0,
645.0,477.0
567.0,
636.0,550.0
730.0,726.0
479.0,534.0
535.0,678.0
650.0,594.0
522.0,
668.0,651.0
584.0,
586.0,562.0
538.0,
647.0,564.0
536.0,442.0
599.0,608.0
429.0,520.0
438.0,463.0
590.0,631.0
541.0,460.0
680.0,589.0
592.0,615.0
583.0,625.0
649.0,569.0
689.0,699.0
687.0,674.0
647.0,646.0
459.0,667.0
585.0,555.0
622.0,
574.0,575.0
747.0,
776.0,
733.0,719.0
580.0,658.0
686.0,577.0
655.0,658.0
665.0,762.0
698.0,826.0
332.0,401.0
495.0,
685.0,
455.0,416.0
598.0,653.0
524.0,618.0
571.0,
709.0,784.0
567.0,742.0
690.0,725.0
652.0,
723.0,551.0
640.0,643.0
575.0,677.0
715.0,582.0
591.0,586.0
543.0,
664.0,
627.0,622.0
576.0,
622.0,541.0
599.0,635.0
635.0,691.0
688.0,656.0
592.0,713.0
706.0,719.0
722.0,718.0
562.0,621.0
730.0,867.0
462.0,473.0
580.0,599.0
617.0,
775.0,726.0
631.0,665.0
796.0,728.0
385.0,476.0
630.0,771.0
714.0,836.0
644.0,479.0
597.0,577.0
849.0,782.0
553.0,659.0
426.0,460.0
614.0,682.0
693.0,
643.0,656.0
575.0,547.0
415.0,479.0
660.0,652.0
487.0,591.0
485.0,
623.0,538.0
556.0,470.0
700.0,630.0
689.0,
726.0,
468.0,523.0
604.0,577.0
544.0,467.0
621.0,
591.0,436.0
670.0,731.0
878.0,
570.0,436.0
700.0,609.0
618.0,474.0
679.0,815.0
528.0,
686.0,611.0
641.0,698.0
626.0,
446.0,441.0
648.0,581.0
626.0,
549.0,615.0
542.0,
689.0,688.0
724.0,675.0
671.0,483.0
610.0,617.0
673.0,728.0
546.0,767.0
834.0,541.0
680.0,478.0
663.0,684.0
671.0,659.0
590.0,554.0
622.0,649.0
583.0,629.0
379.0,414.0
491.0,557.0
642.0,591.0
669.0,
574.0,541.0
658.0,780.0
658.0,716.0
599.0,477.0
518.0,565.0
650.0,657.0
529.0,
553.0,582.0
913.0,701.0
690.0,694.0
559.0,605.0
501.0,517.0
484.0,577.0
589.0,418.0
568.0,548.0
521.0,544.0
555.0,533.0
686.0,587.0
490.0,525.0
505.0,466.0
600.0,605.0
386.0,506.0
538.0,651.0
494.0,613.0
553.0,
692.0,674.0
662.0,797.0
436.0,386.0
547.0,
625.0,698.0
584.0,766.0
534.0,634.0
685.0,599.0
537.0,453.0
668.0,471.0
650.0,
457.0,527.0
734.0,545.0
491.0,520.0
579.0,813.0
552.0,
735.0,655.0
498.0,641.0
599.0,561.0
540.0,537.0
762.0,757.0
522.0,651.0
454.0,595.0
672.0,681.0
605.0,648.0
533.0,576.0
580.0,666.0
745.0,737.0
522.0,724.0
723.0,619.0
337.0,476.0
490.0,490.0
469.0,
531.0,593.0
626.0,658.0
656.0,
404.0,522.0
664.0,502.0
692.0,702.0
468.0,451.0
521.0,
578.0,661.0
633.0,538.0
751.0,
692.0,647.0
577.0,618.0
737.0,657.0
680.0,690.0
641.0,551.0
586.0,
718.0,682.0
656.0,
625.0,564.0
534.0,557.0
585.0,632.0
526.0,520.0
645.0,541.0
556.0,543.0
805.0,840.0
625.0,473.0
733.0,776.0
635.0,694.0
500.0,599.0
668.0,667.0
537.0,646.0
600.0,715.0
533.0,553.0
613.0,528.0
602.0,579.0
526.0,529.0
693.0,672.0
846.0,916.0
497.0,
420.0,
506.0,525.0
722.0,557.0
522.0,517.0
696.0,674.0
501.0,
650.0,653.0
804.0,
640.0,610.0
375.0,412.0
457.0,369.0
590.0,483.0
442.0,561.0
772.0,625.0
776.0,720.0
535.0,
390.0,619.0
561.0,641.0
472.0,
506.0,609.0
470.0,602.0
782.0,516.0
733.0,752.0
493.0,408.0
704.0,778.0
682.0,692.0
588.0,572.0
369.0,428.0
536.0,
549.0,558.0
708.0,756.0
571.0,463.0
604.0,666.0
540.0,434.0
406.0,518.0
466.0,530.0
484.0,380.0
407.0,440.0
658.0,565.0
572.0,787.0
449.0,
651.0,613.0
675.0,
600.0,570.0
628.0,
483.0,533.0
566.0,610.0
635.0,653.0
751.0,587.0
526.0,528.0
501.0,507.0
530.0,550.0
587.0,598.0
589.0,588.0
679.0,582.0
691.0,725.0
623.0,653.0
647.0,
708.0,676.0
481.0,464.0
694.0,685.0
545.0,
852.0,687.0
710.0,751.0
584.0,709.0
508.0,559.0
531.0,660.0
608.0,480.0
583.0,616.0
554.0,583.0
746.0,731.0
675.0,520.0
583.0,671.0
645.0,662.0
677.0,490.0
655.0,589.0
667.0,708.0
687.0,606.0
661.0,
591.0,553.0
591.0,
587.0,637.0
685.0,598.0
649.0,652.0
457.0,615.0
546.0,
723.0,655.0
602.0,467.0
614.0,574.0
509.0,446.0
527.0,543.0
666.0,672.0
758.0,747.0
553.0,617.0
484.0,490.0
679.0,665.0
773.0,698.0
575.0,
663.0,608.0
451.0,
447.0,645.0
553.0,582.0
653.0,
524.0,583.0
496.0,517.0
572.0,535.0
491.0,726.0
426.0,489.0
575.0,614.0
785.0,689.0
675.0,756.0
500.0,412.0
665.0,442.0
391.0,469.0
482.0,593.0
756.0,758.0
523.0,621.0
761.0,774.0
538.0,
538.0,526.0
743.0,660.0
446.0,485.0
489.0,
532.0,586.0
518.0,607.0
496.0,526.0
622.0,650.0
505.0,538.0
619.0,731.0
639.0,699.0
357.0,504.0
550.0,380.0
634.0,670.0
493.0,394.0
684.0,772.0
634.0,568.0
550.0,452.0
655.0,615.0
389.0,463.0
495.0,393.0
531.0,588.0
633.0,704.0
675.0,502.0
659.0,533.0
736.0,752.0
664.0,608.0
600.0,739.0
615.0,502.0
498.0,578.0
725.0,657.0
653.0,674.0
625.0,786.0
535.0,671.0
502.0,532.0
399.0,315.0
672.0,683.0
681.0,674.0
656.0,599.0
550.0,621.0
459.0,667.0
656.0,536.0
752.0,772.0
684.0,844.0
729.0,677.0
630.0,720.0
645.0,800.0
442.0,617.0
635.0,604.0
700.0,613.0
877.0,718.0
670.0,636.0
564.0,573.0
566.0,
662.0,638.0
513.0,701.0
757.0,666.0
697.0,632.0
596.0,611.0
827.0,722.0
666.0,523.0
632.0,636.0
481.0,417.0
650.0,601.0
724.0,714.0
505.0,521.0
566.0,
555.0,570.0
508.0,644.0
672.0,597.0
709.0,
492.0,501.0
460.0,508.0
518.0,462.0
483.0,493.0
638.0,647.0
737.0,642.0
693.0,587.0
826.0,751.0
578.0,636.0
603.0,681.0
573.0,652.0
715.0,712.0
721.0,665.0
645.0,678.0
474.0,461.0
471.0,
787.0,
637.0,577.0
494.0,424.0
613.0,633.0
607.0,
543.0,661.0
428.0,479.0
541.0,554.0
547.0,521.0
655.0,651.0
486.0,491.0
476.0,581.0
594.0,680.0
541.0,592.0
631.0,598.0
635.0,580.0
631.0,633.0
397.0,344.0
597.0,561.0
623.0,665.0
599.0,796.0
526.0,602.0
696.0,680.0
513.0,540.0
476.0,631.0
685.0,684.0
680.0,529.0
644.0,606.0
719.0,699.0
653.0,530.0
795.0,558.0
518.0,505.0
578.0,605.0
468.0,477.0
565.0,509.0
514.0,472.0
609.0,602.0
533.0,323.0
703.0,689.0
719.0,629.0
525.0,455.0
646.0,564.0
688.0,658.0
627.0,653.0
568.0,639.0
554.0,498.0
464.0,475.0
489.0,698.0
607.0,734.0
658.0,484.0
643.0,688.0
527.0,499.0
488.0,511.0
536.0,530.0
603.0,638.0
555.0,558.0
470.0,
513.0,629.0
611.0,445.0
677.0,701.0
687.0,703.0
621.0,674.0
591.0,592.0
691.0,575.0
784.0,801.0
795.0,642.0
501.0,580.0
528.0,576.0
415.0,504.0
402.0,440.0
587.0,607.0
547.0,664.0
472.0,434.0
699.0,750.0
532.0,647.0
778.0,723.0
558.0,475.0
549.0,
730.0,553.0
424.0,
575.0,573.0
551.0,718.0
605.0,549.0
716.0,811.0
614.0,545.0
471.0,591.0
692.0,699.0
728.0,
631.0,526.0
617.0,654.0
426.0,457.0
593.0,577.0
649.0,711.0
548.0,
534.0,520.0
471.0,421.0
764.0,707.0
584.0,623.0
634.0,599.0
679.0,623.0
509.0,577.0
648.0,699.0
595.0,692.0
457.0,
597.0,747.0
520.0,407.0
607.0,643.0
497.0,587.0
553.0,529.0
765.0,716.0
570.0,697.0
682.0,611.0
606.0,633.0
671.0,709.0
584.0,548.0
651.0,702.0
566.0,628.0
491.0,456.0
780.0,695.0
470.0,484.0
595.0,
542.0,
369.0,508.0
583.0,571.0
536.0,544.0
574.0,548.0
478.0,529.0
512.0,380.0
495.0,554.0
505.0,447.0
618.0,625.0
618.0,
637.0,642.0
647.0,
661.0,749.0
544.0,642.0
440.0,492.0
797.0,754.0
470.0,588.0
698.0,686.0
800.0,577.0
650.0,633.0
717.0,690.0
525.0,664.0
670.0,803.0
757.0,
705.0,651.0
562.0,516.0
512.0,598.0
526.0,623.0
515.0,745.0
655.0,639.0
720.0,
327.0,472.0
718.0,599.0
606.0,579.0
437.0,598.0
575.0,569.0
570.0,
599.0,
586.0,485.0
659.0,609.0
665.0,661.0
603.0,546.0
655.0,539.0
458.0,565.0
590.0,692.0
606.0,
626.0,582.0
648.0,617.0
549.0,577.0
743.0,742.0
499.0,655.0
616.0,462.0
609.0,529.0
637.0,
577.0,516.0
686.0,595.0
626.0,716.0
641.0,
738.0,614.0
448.0,434.0
630.0,774.0
646.0,791.0
567.0,
630.0,766.0
578.0,536.0
537.0,564.0
483.0,661.0
726.0,784.0
703.0,654.0
560.0,650.0
402.0,504.0
636.0,581.0
660.0,710.0
477.0,561.0
453.0,366.0
720.0,674.0
525.0,564.0
667.0,681.0
577.0,719.0
534.0,535.0
635.0,732.0
728.0,
763.0,528.0
487.0,680.0
531.0,463.0
552.0,484.0
593.0,
603.0,556.0
595.0,437.0
805.0,739.0
848.0,
567.0,499.0
637.0,676.0
546.0,
412.0,288.0
527.0,
478.0,442.0
696.0,594.0
558.0,506.0
566.0,348.0
625.0,648.0
643.0,667.0
682.0,601.0
655.0,623.0
718.0,
672.0,529.0
670.0,440.0
487.0,485.0
656.0,647.0
442.0,557.0
629.0,478.0
692.0,
537.0,651.0
605.0,678.0
445.0,445.0
569.0,468.0
766.0,640.0
480.0,596.0
687.0,569.0
598.0,662.0
560.0,560.0
604.0,500.0
414.0,348.0
393.0,473.0
526.0,515.0
669.0,730.0
586.0,454.0
470.0,566.0
619.0,629.0
582.0,661.0
635.0,604.0
624.0,701.0
474.0,
381.0,395.0
466.0,430.0
572.0,567.0
660.0,578.0
523.0,570.0
585.0,
570.0,485.0
452.0,379.0
542.0,383.0
647.0,633.0
789.0,717.0
728.0,693.0
489.0,614.0
614.0,592.0
667.0,589.0
613.0,499.0
684.0,667.0
595.0,480.0
724.0,
854.0,635.0
599.0,619.0
575.0,723.0
690.0,498.0
595.0,655.0
590.0,
644.0,
672.0,807.0
701.0,658.0
668.0,661.0
375.0,410.0
724.0,730.0
615.0,705.0
968.0,819.0
483.0,550.0
578.0,636.0
514.0,561.0
439.0,435.0
577.0,605.0
648.0,641.0
709.0,627.0
640.0,486.0
639.0,504.0
541.0,540.0
590.0,674.0
716.0,677.0
623.0,652.0
598.0,643.0
581.0,659.0
557.0,502.0
430.0,463.0
687.0,543.0
671.0,640.0
763.0,800.0
675.0,600.0
679.0,651.0
467.0,
396.0,694.0
609.0,
573.0,558.0
701.0,627.0
699.0,651.0
531.0,705.0
707.0,649.0
650.0,777.0
586.0,550.0
606.0,627.0
562.0,589.0
605.0,535.0
687.0,719.0
372.0,
735.0,601.0
657.0,712.0
539.0,639.0
707.0,541.0
802.0,654.0
423.0,
576.0,571.0
550.0,672.0
541.0,528.0
663.0,511.0
568.0,588.0
666.0,526.0
583.0,556.0
413.0,440.0
697.0,629.0
499.0,
651.0,677.0
629.0,618.0
655.0,672.0
793.0,764.0
548.0,488.0
582.0,567.0
670.0,595.0
658.0,606.0
694.0,536.0
655.0,558.0
643.0,558.0
667.0,732.0
796.0,814.0
466.0,605.0
546.0,578.0
713.0,690.0
709.0,583.0
508.0,521.0
779.0,677.0
649.0,642.0
551.0,490.0
764.0,769.0
669.0,557.0
503.0,584.0
604.0,748.0
692.0,710.0
494.0,603.0
711.0,630.0
501.0,506.0
579.0,463.0
661.0,680.0
427.0,435.0
549.0,
772.0,628.0
656.0,535.0
641.0,542.0
541.0,579.0
640.0,551.0
538.0,482.0
400.0,416.0
524.0,452.0
516.0,637.0
663.0,533.0
569.0,526.0
727.0,671.0
743.0,740.0
639.0,563.0
531.0,553.0
584.0,677.0
711.0,680.0
738.0,766.0
567.0,649.0
619.0,734.0
657.0,620.0
494.0,
605.0,602.0
493.0,488.0
788.0,
588.0,580.0
660.0,651.0
702.0,585.0
537.0,620.0
712.0,789.0
757.0,755.0
576.0,592.0
605.0,547.0
426.0,
670.0,
503.0,
526.0,423.0
619.0,481.0
439.0,577.0
751.0,700.0
381.0,
571.0,569.0
450.0,380.0
481.0,631.0
580.0,576.0
682.0,606.0
514.0,426.0
559.0,556.0
482.0,597.0
599.0,
487.0,489.0
521.0,469.0
708.0,689.0
602.0,455.0
449.0,368.0
655.0,605.0
498.0,426.0
549.0,
549.0,524.0
511.0,557.0
584.0,471.0
587.0,598.0
569.0,526.0
488.0,
572.0,717.0
840.0,715.0
710.0,554.0
463.0,477.0
631.0,663.0
605.0,713.0
647.0,636.0
562.0,645.0
571.0,
451.0,516.0
680.0,622.0
714.0,625.0
566.0,616.0
552.0,612.0
532.0,561.0
755.0,889.0
684.0,557.0
638.0,599.0
556.0,619.0
578.0,592.0
473.0,629.0
559.0,596.0
511.0,638.0
563.0,757.0
743.0,720.0
499.0,562.0
519.0,573.0
618.0,583.0
806.0,753.0
631.0,671.0
607.0,670.0
718.0,539.0
640.0,558.0
638.0,690.0
481.0,568.0
802.0,725.0
546.0,447.0
472.0,511.0
789.0,740.0
711.0,704.0
429.0,461.0
644.0,
516.0,527.0
584.0,456.0
683.0,569.0
544.0,673.0
514.0,703.0
628.0,569.0
650.0,506.0
597.0,539.0
607.0,685.0
650.0,739.0
614.0,596.0
605.0,556.0
614.0,513.0
469.0,408.0
708.0,622.0
496.0,
643.0,688.0
634.0,624.0
737.0,667.0
696.0,673.0
558.0,
763.0,748.0
542.0,538.0
414.0,430.0
647.0,618.0
436.0,582.0
723.0,673.0
552.0,467.0
783.0,837.0
649.0,
517.0,614.0
740.0,760.0
771.0,783.0
554.0,547.0
592.0,616.0
298.0,509.0
394.0,479.0
696.0,645.0
658.0,
591.0,602.0
647.0,768.0
501.0,455.0
577.0,671.0
473.0,479.0
586.0,449.0
577.0,663.0
627.0,
534.0,610.0
448.0,369.0
676.0,682.0
568.0,702.0
481.0,454.0
567.0,641.0
657.0,698.0
671.0,700.0
699.0,866.0
405.0,466.0
431.0,638.0
652.0,452.0
483.0,
681.0,748.0
515.0,
750.0,746.0
602.0,468.0
769.0,682.0
551.0,516.0
524.0,611.0
572.0,627.0
528.0,725.0
674.0,721.0
705.0,693.0
586.0,585.0
497.0,485.0
733.0,
609.0,620.0
578.0,627.0
647.0,679.0
743.0,
345.0,422.0
519.0,430.0
613.0,
368.0,347.0
614.0,666.0
821.0,739.0
348.0,441.0
443.0,536.0
611.0,
678.0,668.0
579.0,
405.0,619.0
664.0,
736.0,801.0
359.0,447.0
622.0,665.0
482.0,445.0
638.0,654.0
610.0,601.0
369.0,379.0
565.0,554.0
662.0,
422.0,
712.0,564.0
545.0,540.0
505.0,618.0
484.0,653.0
652.0,573.0
699.0,
668.0,699.0
563.0,523.0
388.0,354.0
397.0,384.0
655.0,563.0
423.0,582.0
385.0,422.0
697.0,697.0
547.0,
402.0,558.0
624.0,575.0
683.0,745.0
637.0,752.0
642.0,607.0
506.0,
637.0,517.0
667.0,
583.0,514.0
575.0,710.0
522.0,626.0
425.0,389.0
720.0,606.0
488.0,583.0
483.0,488.0
487.0,
531.0,546.0
551.0,595.0
736.0,818.0
504.0,635.0
495.0,
558.0,640.0
738.0,657.0
565.0,736.0
539.0,698.0
787.0,591.0
616.0,666.0
719.0,704.0
687.0,
545.0,513.0
509.0,607.0
663.0,
640.0,
733.0,670.0
602.0,700.0
689.0,631.0
727.0,655.0
682.0,742.0
605.0,632.0
685.0,722.0
520.0,466.0
601.0,664.0
745.0,
675.0,480.0
632.0,519.0
674.0,676.0
618.0,682.0
632.0,582.0
636.0,548.0
642.0,577.0
700.0,681.0
493.0,680.0
620.0,636.0
595.0,674.0
562.0,704.0
710.0,678.0
653.0,548.0
656.0,639.0
569.0,544.0
454.0,471.0
674.0,700.0
454.0,
738.0,596.0
582.0,600.0
562.0,542.0
551.0,457.0
639.0,
402.0,539.0
602.0,573.0
499.0,556.0
763.0,726.0
597.0,703.0
681.0,550.0
680.0,440.0
309.0,530.0
592.0,
701.0,725.0
449.0,394.0
466.0,441.0
637.0,
601.0,573.0
553.0,390.0
634.0,493.0
623.0,684.0
543.0,551.0
498.0,
557.0,585.0
510.0,589.0
685.0,704.0
721.0,649.0
641.0,639.0
589.0,589.0
559.0,567.0
688.0,654.0
557.0,
650.0,599.0
681.0,645.0
711.0,
705.0,712.0
596.0,445.0
645.0,627.0
543.0,428.0
598.0,
695.0,
640.0,734.0
655.0,691.0
666.0,735.0
431.0,468.0
733.0,743.0
565.0,644.0
555.0,604.0
579.0,683.0
475.0,650.0
835.0,598.0
515.0,503.0
651.0,
439.0,501.0
637.0,606.0
777.0,592.0
696.0,748.0
575.0,570.0
706.0,
568.0,599.0
484.0,420.0
598.0,
623.0,617.0
711.0,597.0
609.0,698.0
757.0,632.0
590.0,576.0
572.0,441.0
702.0,611.0
564.0,453.0
571.0,568.0
626.0,
632.0,
586.0,655.0
567.0,590.0
654.0,561.0
557.0,
589.0,688.0
614.0,551.0
399.0,643.0
610.0,666.0
520.0,543.0
754.0,772.0
622.0,551.0
593.0,452.0
626.0,516.0
650.0,676.0
526.0,564.0
684.0,635.0
676.0,629.0
498.0,592.0
706.0,738.0
590.0,585.0
505.0,501.0
668.0,
557.0,485.0
707.0,746.0
577.0,610.0
710.0,642.0
552.0,622.0
450.0,491.0
575.0,
422.0,611.0
688.0,589.0
695.0,781.0
507.0,570.0
362.0,402.0
648.0,548.0
455.0,596.0
818.0,938.0
485.0,550.0
742.0,623.0
569.0,618.0
517.0,560.0
595.0,564.0
487.0,620.0
531.0,495.0
636.0,610.0
670.0,731.0
698.0,736.0
812.0,709.0
518.0,554.0
529.0,589.0
678.0,636.0
555.0,569.0
600.0,656.0
544.0,519.0
566.0,
536.0,461.0
402.0,387.0
398.0,482.0
564.0,632.0
604.0,494.0
604.0,532.0
644.0,604.0
752.0,625.0
482.0,603.0
656.0,585.0
668.0,629.0
452.0,
567.0,584.0
584.0,730.0
693.0,728.0
577.0,633.0
640.0,622.0
777.0,717.0
554.0,553.0
554.0,476.0
677.0,673.0
741.0,
430.0,562.0
489.0,652.0
502.0,
563.0,695.0
760.0,616.0
702.0,520.0
620.0,674.0
645.0,597.0
509.0,590.0
540.0,544.0
490.0,701.0
671.0,781.0
855.0,706.0
505.0,
536.0,602.0
466.0,630.0
566.0,523.0
595.0,477.0
566.0,535.0
610.0,559.0
555.0,648.0
413.0,612.0
577.0,504.0
707.0,790.0
710.0,631.0
636.0,514.0
647.0,670.0
862.0,687.0
679.0,598.0
804.0,620.0
411.0,464.0
736.0,788.0
742.0,643.0
493.0,516.0
627.0,625.0
785.0,
679.0,
549.0,612.0
530.0,534.0
603.0,614.0
517.0,583.0
610.0,698.0
723.0,606.0
614.0,567.0
745.0,763.0
501.0,503.0
579.0,615.0
610.0,529.0
498.0,407.0
515.0,418.0
681.0,638.0
610.0,
639.0,
629.0,766.0
598.0,
585.0,550.0
542.0,465.0
429.0,433.0
659.0,
642.0,741.0
645.0,500.0
565.0,513.0
577.0,598.0
685.0,600.0
547.0,562.0
618.0,711.0
631.0,498.0
587.0,
492.0,
621.0,523.0
639.0,587.0
497.0,565.0
652.0,
635.0,640.0
690.0,659.0
580.0,657.0
729.0,691.0
474.0,535.0
467.0,540.0
598.0,532.0
717.0,697.0
810.0,587.0
790.0,735.0
728.0,687.0
705.0,678.0
471.0,504.0
716.0,555.0
433.0,502.0
501.0,517.0
478.0,557.0
578.0,
653.0,780.0
631.0,
643.0,
580.0,631.0
451.0,465.0
475.0,469.0
560.0,469.0
545.0,483.0
612.0,602.0
395.0,
489.0,575.0
496.0,
610.0,630.0
544.0,
615.0,634.0
591.0,594.0
570.0,556.0
572.0,573.0
768.0,801.0
467.0,450.0
568.0,622.0
687.0,671.0
691.0,631.0
659.0,521.0
734.0,824.0
596.0,751.0
580.0,597.0
649.0,634.0
683.0,577.0
464.0,520.0
543.0,413.0
803.0,781.0
677.0,758.0
494.0,401.0
625.0,449.0
522.0,624.0
604.0,
490.0,368.0
820.0,700.0
751.0,693.0
589.0,557.0
765.0,575.0
750.0,583.0
653.0,643.0
532.0,467.0
856.0,803.0
514.0,642.0
548.0,560.0
604.0,
601.0,
696.0,663.0
574.0,463.0
688.0,756.0
664.0,638.0
631.0,677.0
632.0,503.0
438.0,
543.0,519.0
566.0,616.0
636.0,579.0
552.0,664.0
681.0,704.0
709.0,681.0
575.0,599.0
619.0,560.0
471.0,596.0
497.0,
547.0,610.0
590.0,533.0
715.0,746.0
792.0,622.0
665.0,
576.0,526.0
539.0,492.0
805.0,686.0
484.0,
444.0,489.0
554.0,597.0
654.0,520.0
563.0,430.0
646.0,611.0
678.0,714.0
735.0,636.0
530.0,580.0
695.0,565.0
512.0,536.0
539.0,
584.0,553.0
620.0,659.0
678.0,
613.0,535.0
538.0,
488.0,673.0
683.0,713.0
745.0,792.0
623.0,
466.0,354.0
609.0,644.0
736.0,601.0
555.0,
591.0,572.0
632.0,503.0
431.0,471.0
594.0,
458.0,513.0
545.0,610.0
632.0,727.0
655.0,620.0
597.0,624.0
528.0,
425.0,
573.0,
651.0,668.0
535.0,
588.0,637.0
471.0,536.0
499.0,490.0
551.0,767.0
403.0,455.0
554.0,626.0
471.0,468.0
619.0,568.0
525.0,566.0
552.0,646.0
624.0,603.0
556.0,575.0
740.0,699.0
699.0,718.0
623.0,541.0
650.0,
496.0,513.0
410.0,418.0
635.0,558.0
569.0,537.0
595.0,575.0
478.0,410.0
517.0,628.0
495.0,533.0
692.0,480.0
508.0,519.0
681.0,671.0
622.0,
456.0,546.0
587.0,553.0
568.0,592.0
856.0,777.0
717.0,600.0
535.0,525.0
700.0,740.0
553.0,530.0
673.0,661.0
352.0,331.0
520.0,442.0
620.0,729.0
537.0,414.0
352.0,454.0
679.0,738.0
540.0,413.0
460.0,477.0
518.0,627.0
400.0,572.0
596.0,549.0
606.0,615.0
603.0,662.0
560.0,486.0
501.0,
678.0,724.0
582.0,486.0
385.0,420.0
598.0,657.0
505.0,
760.0,660.0
587.0,
569.0,587.0
642.0,564.0
638.0,588.0
556.0,653.0
600.0,614.0
671.0,510.0
359.0,570.0
645.0,
480.0,340.0
672.0,570.0
601.0,582.0
512.0,532.0
569.0,530.0
641.0,558.0
655.0,
621.0,601.0
964.0,912.0
548.0,430.0
580.0,408.0
608.0,645.0
546.0,493.0
597.0,529.0
455.0,579.0
498.0,474.0
497.0,523.0
722.0,
582.0,686.0
547.0,
566.0,664.0
723.0,584.0
650.0,589.0
534.0,636.0
514.0,574.0
711.0,772.0
662.0,631.0
642.0,474.0
604.0,522.0
643.0,416.0
548.0,661.0
532.0,769.0
522.0,579.0
584.0,542.0
586.0,572.0
594.0,534.0
758.0,559.0
589.0,
596.0,
520.0,452.0
706.0,740.0
671.0,769.0
770.0,709.0
263.0,444.0
600.0,
850.0,751.0
521.0,478.0
529.0,635.0
596.0,596.0
514.0,587.0
602.0,639.0
692.0,
755.0,
460.0,582.0
539.0,559.0
537.0,434.0
739.0,
675.0,542.0
705.0,627.0
414.0,616.0
407.0,496.0
577.0,514.0
610.0,648.0
728.0,675.0
604.0,
480.0,590.0
514.0,622.0
491.0,555.0
419.0,619.0
683.0,601.0
511.0,499.0
688.0,
586.0,527.0
704.0,692.0
789.0,
538.0,486.0
535.0,556.0
390.0,538.0
693.0,684.0
667.0,739.0
756.0,638.0
673.0,758.0
612.0,677.0
473.0,535.0
670.0,573.0
605.0,495.0
682.0,754.0
556.0,674.0
677.0,718.0
543.0,592.0
733.0,554.0
597.0,524.0
665.0,467.0
504.0,610.0
519.0,509.0
596.0,
446.0,394.0
547.0,647.0
750.0,626.0
628.0,466.0
566.0,563.0
609.0,577.0
602.0,779.0
525.0,504.0
731.0,762.0
304.0,481.0
508.0,402.0
549.0,525.0
697.0,581.0
699.0,665.0
577.0,672.0
483.0,529.0
636.0,586.0
624.0,703.0
430.0,469.0
515.0,507.0
646.0,
594.0,749.0
491.0,460.0
441.0,507.0
635.0,
505.0,504.0
553.0,521.0
682.0,
833.0,760.0
570.0,513.0
629.0,630.0
637.0,766.0
569.0,620.0
595.0,559.0
737.0,839.0
772.0,795.0
590.0,436.0
647.0,635.0
649.0,691.0
486.0,559.0
593.0,
553.0,531.0
544.0,645.0
542.0,
628.0,434.0
552.0,663.0
626.0,675.0
646.0,
628.0,609.0
763.0,640.0
524.0,569.0
532.0,456.0
602.0,643.0
674.0,752.0
756.0,735.0
641.0,581.0
610.0,542.0
479.0,501.0
466.0,536.0
519.0,666.0
719.0,
602.0,635.0
521.0,599.0
506.0,591.0
580.0,528.0
593.0,423.0
563.0,426.0
710.0,684.0
784.0,745.0
652.0,716.0
620.0,642.0
667.0,821.0
601.0,590.0
626.0,618.0
557.0,
639.0,701.0
494.0,539.0
577.0,575.0
410.0,479.0
796.0,858.0
481.0,419.0
529.0,
775.0,664.0
581.0,538.0
511.0,508.0
785.0,648.0
377.0,516.0
655.0,683.0
720.0,785.0
646.0,622.0
550.0,
787.0,
566.0,587.0
621.0,500.0
534.0,752.0
544.0,563.0
446.0,
677.0,622.0
555.0,402.0
617.0,566.0
524.0,554.0
612.0,671.0
678.0,558.0
600.0,746.0
685.0,645.0
776.0,552.0
601.0,
424.0,426.0
696.0,642.0
473.0,
683.0,595.0
661.0,
595.0,589.0
687.0,669.0
712.0,590.0
607.0,681.0
606.0,456.0
675.0,735.0
839.0,633.0
695.0,591.0
678.0,678.0
508.0,614.0
628.0,532.0
583.0,610.0
667.0,627.0
578.0,
589.0,586.0
785.0,633.0
709.0,589.0
864.0,694.0
634.0,641.0
445.0,513.0
655.0,699.0
551.0,424.0
672.0,832.0
569.0,
512.0,542.0
523.0,662.0
658.0,565.0
607.0,501.0
433.0,606.0
603.0,627.0
695.0,711.0
741.0,671.0
653.0,445.0
636.0,635.0
621.0,846.0
454.0,465.0
488.0,468.0
673.0,566.0
721.0,624.0
519.0,449.0
602.0,616.0
802.0,681.0
474.0,578.0
657.0,607.0
585.0,719.0
566.0,427.0
537.0,481.0
629.0,643.0
510.0,604.0
593.0,616.0
567.0,541.0
576.0,576.0
635.0,
544.0,535.0
490.0,500.0
727.0,
488.0,632.0
538.0,
544.0,678.0
481.0,546.0
643.0,541.0
616.0,500.0
541.0,519.0
692.0,656.0
664.0,688.0
584.0,651.0
556.0,587.0
479.0,597.0
736.0,669.0
725.0,684.0
734.0,661.0
590.0,663.0
653.0,625.0
805.0,814.0
465.0,493.0
482.0,564.0
566.0,625.0
714.0,633.0
570.0,600.0
492.0,574.0
526.0,543.0
446.0,
536.0,598.0
526.0,582.0
624.0,
726.0,661.0
547.0,497.0
472.0,483.0
595.0,790.0
671.0,539.0
810.0,664.0
504.0,
612.0,576.0
589.0,563.0
741.0,815.0
491.0,603.0
590.0,602.0
471.0,460.0
660.0,551.0
643.0,770.0
659.0,588.0
568.0,680.0
532.0,559.0
604.0,541.0
791.0,694.0
699.0,808.0
636.0,609.0
476.0,572.0
374.0,575.0
635.0,714.0
509.0,
686.0,612.0
604.0,429.0
547.0,697.0
724.0,759.0
528.0,
534.0,605.0
435.0,622.0
506.0,733.0
645.0,690.0
702.0,700.0
526.0,459.0
724.0,
763.0,660.0
835.0,773.0
613.0,609.0
473.0,
629.0,570.0
596.0,543.0
734.0,589.0
595.0,
502.0,457.0
611.0,593.0
552.0,
763.0,883.0
533.0,572.0
493.0,515.0
633.0,629.0
736.0,711.0
607.0,708.0
593.0,644.0
573.0,574.0
492.0,635.0
600.0,486.0
500.0,636.0
701.0,791.0
671.0,602.0
597.0,802.0
476.0,538.0
822.0,729.0
672.0,548.0
656.0,578.0
444.0,558.0
506.0,372.0
651.0,654.0
634.0,
623.0,541.0
646.0,780.0
640.0,648.0
521.0,396.0
542.0,498.0
601.0,576.0
649.0,577.0
418.0,516.0
688.0,583.0
723.0,492.0
805.0,822.0
325.0,392.0
525.0,522.0
564.0,
601.0,648.0
603.0,704.0
614.0,687.0
843.0,
651.0,708.0
617.0,702.0
557.0,661.0
552.0,476.0
592.0,468.0
618.0,648.0
659.0,555.0
654.0,719.0
604.0,
544.0,467.0
727.0,705.0
705.0,570.0
613.0,689.0
623.0,612.0
682.0,634.0
801.0,651.0
483.0,554.0
579.0,516.0
569.0,525.0
590.0,499.0
556.0,661.0
544.0,654.0
728.0,639.0
733.0,700.0
632.0,717.0
464.0,543.0
647.0,
473.0,522.0
633.0,502.0
382.0,654.0
588.0,661.0
453.0,692.0
751.0,667.0
642.0,655.0
721.0,
591.0,622.0
613.0,748.0
716.0,751.0
756.0,700.0
467.0,644.0
653.0,753.0
542.0,620.0
750.0,
525.0,
715.0,743.0
703.0,779.0
610.0,627.0
555.0,
497.0,454.0
608.0,554.0
529.0,441.0
606.0,747.0
439.0,532.0
449.0,290.0
574.0,631.0
600.0,557.0
681.0,570.0
397.0,547.0
478.0,
561.0,484.0
618.0,599.0
738.0,600.0
510.0,506.0
612.0,627.0
501.0,517.0
527.0,581.0
710.0,
661.0,701.0
446.0,586.0
403.0,322.0
471.0,606.0
523.0,446.0
543.0,466.0
678.0,682.0
473.0,540.0
752.0,
612.0,610.0
411.0,625.0
560.0,438.0
462.0,620.0
465.0,487.0
486.0,399.0
471.0,429.0
623.0,715.0
410.0,450.0
587.0,516.0
470.0,538.0
660.0,652.0
686.0,599.0
681.0,615.0
498.0,541.0
558.0,647.0
703.0,817.0
552.0,509.0
583.0,773.0
508.0,442.0
583.0,669.0
603.0,582.0
595.0,638.0
506.0,638.0
659.0,722.0
548.0,608.0
500.0,
611.0,744.0
607.0,526.0
559.0,461.0
583.0,651.0
662.0,597.0
548.0,
554.0,691.0
475.0,560.0
648.0,669.0
779.0,
550.0,637.0
576.0,554.0
676.0,737.0
570.0,
419.0,626.0
392.0,612.0
449.0,666.0
797.0,651.0
539.0,570.0
458.0,346.0
504.0,514.0
514.0,602.0
605.0,639.0
627.0,636.0
651.0,656.0
726.0,646.0
649.0,400.0
520.0,560.0
664.0,670.0
712.0,622.0
671.0,526.0
568.0,
504.0,634.0
485.0,643.0
687.0,599.0
598.0,
659.0,496.0
583.0,640.0
638.0,
716.0,543.0
696.0,652.0
664.0,666.0
591.0,
670.0,729.0
669.0,497.0
638.0,679.0
609.0,564.0
675.0,699.0
607.0,
718.0,
609.0,775.0
520.0,519.0
415.0,441.0
819.0,799.0
589.0,657.0
578.0,538.0
590.0,420.0
565.0,572.0
526.0,491.0
510.0,630.0
614.0,
631.0,584.0
511.0,572.0
592.0,670.0
514.0,520.0
545.0,655.0
592.0,470.0
567.0,451.0
577.0,497.0
750.0,
484.0,426.0
656.0,688.0
384.0,377.0
592.0,556.0
715.0,570.0
625.0,617.0
372.0,459.0
580.0,644.0
670.0,
517.0,622.0
684.0,646.0
660.0,659.0
540.0,652.0
603.0,580.0
531.0,393.0
708.0,691.0
757.0,791.0
495.0,558.0
697.0,704.0
714.0,632.0
588.0,586.0
639.0,685.0
672.0,688.0
770.0,705.0
634.0,645.0
496.0,581.0
634.0,660.0
549.0,489.0
550.0,553.0
716.0,677.0
523.0,582.0
510.0,
591.0,588.0
529.0,505.0
524.0,
636.0,
603.0,683.0
727.0,631.0
599.0,
564.0,524.0
647.0,465.0
698.0,
555.0,496.0
534.0,577.0
410.0,403.0
810.0,653.0
444.0,510.0
429.0,580.0
619.0,746.0
676.0,674.0
638.0,
695.0,
551.0,536.0
731.0,733.0
655.0,614.0
759.0,758.0
531.0,
689.0,737.0
474.0,674.0
752.0,606.0
583.0,741.0
696.0,493.0
591.0,609.0
438.0,595.0
578.0,448.0
576.0,542.0
664.0,547.0
699.0,
647.0,
790.0,756.0
580.0,655.0
597.0,623.0
558.0,
515.0,550.0
598.0,536.0
509.0,
722.0,635.0
500.0,553.0
717.0,689.0
537.0,560.0
633.0,
614.0,487.0
693.0,
583.0,761.0
690.0,704.0
506.0,494.0
578.0,
555.0,517.0
655.0,428.0
552.0,693.0
725.0,775.0
715.0,771.0
599.0,652.0
782.0,709.0
554.0,546.0
623.0,723.0
686.0,457.0
619.0,718.0
451.0,
696.0,706.0
548.0,
893.0,750.0
741.0,711.0
709.0,688.0
682.0,725.0
603.0,657.0
610.0,
555.0,562.0
699.0,722.0
537.0,412.0
657.0,757.0
458.0,539.0
608.0,576.0
721.0,
648.0,
520.0,605.0
650.0,400.0
549.0,
696.0,721.0
607.0,492.0
555.0,635.0
646.0,621.0
637.0,753.0
641.0,558.0
641.0,521.0
472.0,507.0
485.0,628.0
572.0,570.0
385.0,477.0
700.0,640.0
623.0,542.0
635.0,581.0
467.0,498.0
507.0,644.0
576.0,568.0
438.0,490.0
585.0,
468.0,
810.0,561.0
534.0,489.0
557.0,663.0
684.0,733.0
628.0,657.0
666.0,666.0
697.0,673.0
658.0,708.0
595.0,531.0
656.0,622.0
624.0,707.0
594.0,545.0
492.0,463.0
684.0,778.0
512.0,643.0
451.0,530.0
509.0,499.0
516.0,451.0
623.0,634.0
668.0,667.0
681.0,508.0
855.0,801.0
398.0,433.0
503.0,511.0
643.0,644.0
640.0,627.0
632.0,442.0
668.0,
672.0,
494.0,539.0
661.0,577.0
495.0,627.0
635.0,653.0
559.0,531.0
408.0,393.0
685.0,825.0
605.0,
499.0,540.0
451.0,343.0
743.0,784.0
602.0,559.0
579.0,517.0
534.0,480.0
811.0,816.0
686.0,684.0
467.0,355.0
701.0,
489.0,443.0
473.0,610.0
559.0,516.0
559.0,
735.0,779.0
518.0,583.0
540.0,550.0
655.0,482.0
715.0,586.0
453.0,421.0
478.0,448.0
398.0,
539.0,
664.0,461.0
543.0,400.0
422.0,419.0
441.0,613.0
525.0,491.0
580.0,555.0
537.0,550.0
582.0,573.0
609.0,646.0
698.0,663.0
509.0,573.0
748.0,758.0
630.0,617.0
598.0,465.0
560.0,696.0
727.0,564.0
498.0,547.0
587.0,495.0
563.0,560.0
635.0,673.0
718.0,
639.0,546.0
550.0,550.0
545.0,556.0
533.0,556.0
676.0,
505.0,676.0
744.0,667.0
616.0,682.0
634.0,782.0
691.0,
667.0,725.0
577.0,587.0
728.0,
530.0,685.0
634.0,659.0
528.0,533.0
507.0,525.0
630.0,765.0
597.0,651.0
775.0,692.0
629.0,592.0
594.0,664.0
500.0,
746.0,636.0
615.0,688.0
352.0,453.0
476.0,449.0
583.0,545.0
314.0,410.0
632.0,657.0
514.0,556.0
466.0,572.0
592.0,713.0
413.0,432.0
520.0,593.0
657.0,662.0
686.0,
640.0,591.0
698.0,772.0
841.0,601.0
420.0,607.0
553.0,537.0
601.0,525.0
538.0,547.0
579.0,593.0
493.0,508.0
616.0,589.0
879.0,713.0
676.0,
634.0,746.0
517.0,620.0
541.0,633.0
669.0,
464.0,528.0
576.0,542.0
618.0,717.0
582.0,747.0
614.0,612.0
687.0,675.0
681.0,540.0
518.0,471.0
705.0,695.0
614.0,786.0
657.0,
512.0,519.0
756.0,754.0
475.0,715.0
798.0,
476.0,572.0
694.0,703.0
551.0,472.0
541.0,447.0
472.0,471.0
584.0,615.0
606.0,650.0
519.0,548.0
402.0,506.0
665.0,569.0
662.0,
650.0,679.0
402.0,635.0
460.0,509.0
652.0,537.0
712.0,
459.0,462.0
543.0,601.0
457.0,565.0
453.0,456.0
480.0,569.0
441.0,547.0
515.0,488.0
572.0,627.0
543.0,
836.0,761.0
663.0,701.0
707.0,751.0
428.0,532.0
604.0,800.0
526.0,575.0
528.0,536.0
414.0,376.0
792.0,786.0
670.0,
515.0,
498.0,566.0
580.0,685.0
466.0,531.0
544.0,608.0
575.0,563.0
542.0,692.0
599.0,506.0
444.0,504.0
815.0,
586.0,593.0
509.0,539.0
693.0,690.0
777.0,642.0
646.0,
543.0,601.0
516.0,583.0
640.0,789.0
574.0,545.0
482.0,332.0
675.0,665.0
613.0,694.0
413.0,512.0
775.0,791.0
622.0,
599.0,546.0
439.0,424.0
704.0,739.0
653.0,550.0
618.0,541.0
596.0,587.0
716.0,778.0
711.0,696.0
392.0,551.0
632.0,547.0
600.0,495.0
569.0,529.0
765.0,502.0
615.0,
718.0,796.0
673.0,553.0
486.0,490.0
590.0,631.0
345.0,457.0
909.0,876.0
890.0,
410.0,451.0
537.0,662.0
576.0,693.0
583.0,512.0
742.0,717.0
686.0,712.0
576.0,500.0
594.0,693.0
571.0,556.0
565.0,561.0
521.0,592.0
503.0,683.0
581.0,
574.0,507.0
509.0,525.0
606.0,695.0
595.0,
701.0,614.0
609.0,508.0
454.0,487.0
644.0,562.0
729.0,729.0
575.0,461.0
621.0,
667.0,545.0
639.0,590.0
548.0,589.0
695.0,636.0
775.0,
679.0,656.0
569.0,785.0
584.0,509.0
623.0,572.0
481.0,680.0
482.0,453.0
446.0,542.0
576.0,
390.0,577.0
663.0,700.0
723.0,728.0
620.0,676.0
592.0,
568.0,544.0
641.0,636.0
670.0,681.0
656.0,627.0
716.0,587.0
515.0,590.0
551.0,
519.0,583.0
554.0,
628.0,650.0
659.0,613.0
678.0,746.0
800.0,811.0
590.0,557.0
563.0,448.0
597.0,572.0
561.0,681.0
601.0,491.0
519.0,478.0
627.0,
555.0,426.0
839.0,732.0
542.0,487.0
567.0,540.0
454.0,491.0
590.0,518.0
804.0,740.0
710.0,636.0
429.0,514.0
674.0,583.0
597.0,473.0
711.0,599.0
754.0,629.0
474.0,374.0
548.0,612.0
625.0,651.0
690.0,600.0
837.0,539.0
636.0,557.0
524.0,505.0
483.0,548.0
629.0,658.0
516.0,534.0
557.0,
581.0,685.0
663.0,
616.0,704.0
720.0,
708.0,684.0
723.0,766.0
632.0,596.0
585.0,605.0
660.0,748.0
709.0,823.0
786.0,752.0
529.0,552.0
526.0,
436.0,493.0
806.0,687.0
542.0,469.0
308.0,481.0
517.0,660.0
643.0,662.0
549.0,629.0
588.0,647.0
479.0,466.0
703.0,624.0
437.0,424.0
635.0,577.0
518.0,521.0
487.0,616.0
368.0,400.0
692.0,740.0
495.0,423.0
644.0,549.0
622.0,599.0
699.0,704.0
556.0,546.0
673.0,
514.0,
590.0,
407.0,
689.0,815.0
640.0,645.0
447.0,642.0
577.0,664.0
707.0,
684.0,656.0
531.0,586.0
570.0,624.0
563.0,680.0
645.0,
691.0,657.0
813.0,834.0
398.0,551.0
557.0,508.0
538.0,573.0
460.0,432.0
436.0,517.0
587.0,639.0
657.0,685.0
768.0,635.0
477.0,
551.0,566.0
424.0,482.0
529.0,500.0
676.0,702.0
593.0,469.0
465.0,530.0
592.0,472.0
582.0,
545.0,557.0
584.0,688.0
506.0,
594.0,484.0
677.0,687.0
697.0,672.0
655.0,660.0
570.0,669.0
682.0,700.0
514.0,604.0
589.0,637.0
587.0,445.0
626.0,616.0
629.0,566.0
583.0,
695.0,493.0
586.0,595.0
495.0,547.0
728.0,783.0
534.0,672.0
556.0,
637.0,695.0
530.0,602.0
686.0,672.0
615.0,800.0
601.0,626.0
541.0,550.0
676.0,589.0
571.0,545.0
596.0,597.0
510.0,
564.0,533.0
448.0,483.0
504.0,
779.0,
607.0,
611.0,549.0
682.0,
489.0,624.0
695.0,773.0
448.0,538.0
570.0,518.0
634.0,636.0
602.0,627.0
597.0,643.0
789.0,804.0
658.0,600.0
507.0,609.0
519.0,590.0
560.0,425.0
804.0,860.0
654.0,714.0
578.0,692.0
650.0,680.0
727.0,772.0
498.0,613.0
719.0,603.0
517.0,
590.0,772.0
574.0,544.0
523.0,492.0
852.0,874.0
814.0,805.0
687.0,607.0
471.0,419.0
617.0,505.0
395.0,
661.0,589.0
736.0,814.0
474.0,476.0
487.0,
678.0,619.0
832.0,696.0
623.0,542.0
572.0,
466.0,504.0
562.0,
653.0,516.0
496.0,630.0
693.0,601.0
633.0,759.0
544.0,655.0
510.0,446.0
687.0,571.0
776.0,722.0
619.0,561.0
578.0,646.0
599.0,436.0
697.0,692.0
483.0,519.0
497.0,
584.0,733.0
671.0,711.0
706.0,801.0
537.0,490.0
652.0,641.0
575.0,493.0
646.0,444.0
664.0,689.0
467.0,536.0
622.0,626.0
521.0,553.0
480.0,646.0
887.0,798.0
571.0,
789.0,699.0
678.0,621.0
572.0,620.0
810.0,
623.0,534.0
716.0,
680.0,655.0
496.0,495.0
595.0,518.0
580.0,591.0
793.0,837.0
768.0,798.0
517.0,634.0
649.0,538.0
541.0,631.0
541.0,430.0
617.0,669.0
662.0,693.0
348.0,512.0
632.0,584.0
635.0,548.0
584.0,779.0
722.0,
473.0,582.0
566.0,
596.0,640.0
501.0,689.0
627.0,452.0
716.0,658.0
567.0,557.0
496.0,632.0
606.0,523.0
610.0,493.0
435.0,534.0
624.0,581.0
599.0,545.0
683.0,499.0
757.0,710.0
545.0,535.0
592.0,640.0
688.0,708.0
663.0,621.0
658.0,548.0
529.0,648.0
627.0,606.0
512.0,571.0
622.0,522.0
509.0,657.0
642.0,598.0
602.0,578.0
486.0,522.0
472.0,568.0
568.0,536.0
587.0,619.0
613.0,686.0
643.0,638.0
631.0,612.0
617.0,
439.0,482.0
500.0,610.0
643.0,666.0
473.0,534.0
714.0,514.0
449.0,450.0
607.0,665.0
460.0,440.0
560.0,525.0
578.0,541.0
498.0,456.0
524.0,583.0
580.0,403.0
853.0,670.0
560.0,717.0
650.0,694.0
561.0,603.0
573.0,572.0
767.0,593.0
531.0,509.0
513.0,599.0
714.0,708.0
555.0,500.0
631.0,649.0
531.0,471.0
536.0,
320.0,482.0
420.0,384.0
716.0,715.0
630.0,626.0
482.0,655.0
534.0,603.0
509.0,468.0
697.0,660.0
599.0,585.0
654.0,656.0
469.0,574.0
535.0,513.0
656.0,658.0
334.0,473.0
575.0,701.0
458.0,509.0
508.0,546.0
501.0,511.0
599.0,750.0
557.0,692.0
634.0,561.0
529.0,609.0
596.0,428.0
745.0,641.0
657.0,635.0
538.0,574.0
649.0,526.0
500.0,409.0
722.0,708.0
647.0,632.0
776.0,766.0
592.0,739.0
424.0,629.0
631.0,781.0
612.0,652.0
687.0,
577.0,
726.0,793.0
551.0,
599.0,581.0
627.0,586.0
556.0,519.0
534.0,559.0
555.0,544.0
765.0,804.0
523.0,
602.0,582.0
662.0,596.0
590.0,529.0
621.0,622.0
777.0,806.0
657.0,600.0
423.0,
679.0,
470.0,595.0
506.0,609.0
480.0,613.0
621.0,482.0
559.0,616.0
493.0,555.0
735.0,548.0
524.0,548.0
671.0,742.0
503.0,
710.0,598.0
663.0,643.0
664.0,724.0
793.0,825.0
544.0,503.0
691.0,723.0
717.0,824.0
605.0,663.0
562.0,615.0
727.0,620.0
665.0,608.0
725.0,
525.0,646.0
736.0,600.0
641.0,
654.0,505.0
481.0,452.0
542.0,603.0
717.0,879.0
679.0,592.0
624.0,585.0
395.0,416.0
615.0,605.0
580.0,670.0
653.0,722.0
816.0,745.0
600.0,657.0
507.0,556.0
593.0,477.0
631.0,662.0
588.0,702.0
510.0,575.0
481.0,461.0
800.0,806.0
523.0,339.0
743.0,
724.0,
669.0,481.0
517.0,677.0
458.0,479.0
758.0,672.0
638.0,
592.0,554.0
627.0,598.0
699.0,
844.0,750.0
421.0,446.0
486.0,368.0
648.0,700.0
676.0,629.0
698.0,
725.0,664.0
701.0,745.0
465.0,
551.0,581.0
479.0,499.0
592.0,
606.0,625.0
714.0,675.0
692.0,661.0
562.0,
406.0,571.0
636.0,
628.0,573.0
668.0,586.0
625.0,590.0
674.0,
581.0,566.0
676.0,618.0
617.0,588.0
457.0,536.0
534.0,515.0
509.0,561.0
701.0,
544.0,615.0
646.0,516.0
588.0,777.0
667.0,685.0
596.0,618.0
620.0,537.0
659.0,
733.0,756.0
602.0,514.0
820.0,689.0
647.0,756.0
489.0,460.0
687.0,597.0
598.0,622.0
538.0,
542.0,603.0
606.0,551.0
529.0,
601.0,597.0
863.0,790.0
508.0,639.0
713.0,
652.0,576.0
660.0,
808.0,722.0
521.0,646.0
668.0,608.0
485.0,434.0
555.0,
661.0,
367.0,573.0
738.0,809.0
487.0,399.0
848.0,710.0
516.0,651.0
553.0,590.0
553.0,376.0
548.0,566.0
501.0,380.0
605.0,460.0
599.0,470.0
705.0,652.0
724.0,633.0
567.0,561.0
536.0,643.0
639.0,730.0
534.0,608.0
594.0,632.0
632.0,621.0
520.0,356.0
657.0,
582.0,528.0
590.0,
501.0,466.0
681.0,609.0
677.0,740.0
711.0,826.0
578.0,476.0
541.0,686.0
686.0,659.0
740.0,623.0
481.0,495.0
665.0,638.0
692.0,634.0
583.0,533.0
652.0,634.0
847.0,
489.0,490.0
681.0,
658.0,751.0
742.0,716.0
667.0,572.0
539.0,
638.0,510.0
509.0,
567.0,631.0
712.0,
608.0,573.0
581.0,521.0
653.0,596.0
672.0,579.0
744.0,670.0
635.0,599.0
624.0,648.0
621.0,572.0
844.0,770.0
650.0,638.0
657.0,669.0
656.0,674.0
618.0,
680.0,718.0
740.0,
601.0,540.0
556.0,718.0
648.0,555.0
543.0,
579.0,561.0
743.0,585.0
729.0,603.0
653.0,675.0
636.0,640.0
600.0,740.0
615.0,557.0
796.0,759.0
758.0,
678.0,568.0
634.0,
608.0,475.0
670.0,651.0
408.0,403.0
593.0,714.0
649.0,680.0
608.0,
600.0,606.0
420.0,
648.0,
490.0,435.0
640.0,609.0
456.0,522.0
499.0,570.0
727.0,648.0
624.0,604.0
598.0,651.0
710.0,587.0
636.0,724.0
408.0,503.0
630.0,546.0
715.0,676.0
623.0,531.0
565.0,624.0
558.0,771.0
695.0,572.0
659.0,843.0
568.0,605.0
659.0,654.0
636.0,732.0
644.0,705.0
402.0,
661.0,621.0
691.0,719.0
555.0,406.0
561.0,423.0
355.0,433.0
687.0,
755.0,574.0
668.0,712.0
633.0,700.0
689.0,799.0
755.0,639.0
621.0,482.0
686.0,852.0
527.0,684.0
728.0,723.0
656.0,
626.0,634.0
556.0,671.0
446.0,
600.0,633.0
461.0,
763.0,613.0
462.0,456.0
532.0,501.0
662.0,606.0
642.0,717.0
821.0,824.0
527.0,517.0
558.0,
653.0,562.0
577.0,616.0
457.0,372.0
720.0,737.0
532.0,437.0
695.0,
639.0,
565.0,442.0
634.0,555.0
639.0,526.0
608.0,
508.0,669.0
716.0,670.0
488.0,599.0
443.0,554.0
459.0,450.0
583.0,356.0
498.0,402.0
678.0,667.0
758.0,
626.0,591.0
759.0,825.0
419.0,268.0
652.0,700.0
468.0,520.0
600.0,707.0
523.0,432.0
745.0,788.0
712.0,
665.0,625.0
620.0,521.0
678.0,600.0
418.0,451.0
579.0,544.0
663.0,744.0
622.0,664.0
744.0,783.0
624.0,672.0
441.0,500.0
670.0,438.0
500.0,529.0
647.0,673.0
679.0,559.0
600.0,
440.0,496.0
601.0,384.0
740.0,706.0
590.0,655.0
504.0,465.0
710.0,797.0
514.0,552.0
772.0,769.0
758.0,765.0
704.0,770.0
341.0,483.0
711.0,624.0
606.0,506.0
602.0,516.0
779.0,744.0
627.0,564.0
403.0,550.0
634.0,661.0
599.0,580.0
470.0,
606.0,596.0
618.0,658.0
754.0,716.0
545.0,663.0
688.0,617.0
540.0,547.0
572.0,582.0
539.0,
693.0,558.0
658.0,669.0
585.0,627.0
550.0,529.0
626.0,683.0
584.0,723.0
531.0,574.0
546.0,675.0
701.0,677.0
408.0,441.0
657.0,615.0
663.0,580.0
647.0,515.0
466.0,584.0
498.0,465.0
637.0,659.0
489.0,500.0
406.0,523.0
628.0,590.0
825.0,752.0
904.0,793.0
622.0,561.0
659.0,608.0
644.0,478.0
478.0,474.0
541.0,522.0
733.0,683.0
632.0,637.0
582.0,545.0
604.0,
621.0,543.0
511.0,494.0
609.0,523.0
632.0,
722.0,634.0
625.0,489.0
717.0,675.0
609.0,616.0
655.0,720.0
347.0,485.0
793.0,712.0
529.0,627.0
686.0,
547.0,762.0
412.0,420.0
566.0,386.0
512.0,600.0
678.0,665.0
467.0,
678.0,756.0
670.0,699.0
743.0,778.0
592.0,755.0
615.0,501.0
772.0,676.0
422.0,
787.0,721.0
635.0,526.0
448.0,502.0
490.0,624.0
806.0,681.0
688.0,
478.0,622.0
529.0,425.0
496.0,343.0
636.0,665.0
670.0,653.0
670.0,567.0
571.0,643.0
479.0,631.0
581.0,625.0
536.0,606.0
711.0,570.0
714.0,734.0
761.0,
625.0,
523.0,
597.0,
681.0,806.0
452.0,
568.0,475.0
613.0,504.0
457.0,622.0
659.0,639.0
609.0,582.0
867.0,924.0
716.0,738.0
376.0,432.0
547.0,
398.0,427.0
620.0,
594.0,517.0
533.0,687.0
658.0,677.0
586.0,690.0
573.0,619.0
610.0,643.0
644.0,734.0
604.0,521.0
603.0,618.0
571.0,561.0
718.0,581.0
708.0,591.0
656.0,569.0
502.0,472.0
625.0,632.0
743.0,748.0
609.0,
580.0,
578.0,557.0
563.0,549.0
700.0,636.0
684.0,690.0
645.0,
567.0,540.0
524.0,
468.0,614.0
622.0,
627.0,707.0
672.0,
490.0,421.0
599.0,634.0
695.0,731.0
570.0,
518.0,485.0
778.0,739.0
509.0,457.0
697.0,687.0
485.0,550.0
635.0,
529.0,
552.0,653.0
646.0,505.0
754.0,676.0
550.0,568.0
659.0,602.0
568.0,554.0
809.0,638.0
564.0,480.0
633.0,669.0
627.0,733.0
626.0,749.0
597.0,
624.0,678.0
623.0,
555.0,649.0
666.0,622.0
572.0,594.0
644.0,
561.0,671.0
566.0,669.0
520.0,591.0
713.0,687.0
510.0,
635.0,754.0
671.0,649.0
627.0,622.0
690.0,538.0
464.0,531.0
713.0,790.0
710.0,701.0
628.0,626.0
600.0,640.0
837.0,717.0
604.0,627.0
480.0,
492.0,494.0
492.0,709.0
686.0,675.0
438.0,511.0
725.0,629.0
654.0,556.0
624.0,585.0
441.0,
538.0,440.0
650.0,654.0
700.0,501.0
675.0,650.0
444.0,498.0
797.0,737.0
496.0,580.0
644.0,630.0
694.0,627.0
595.0,729.0
493.0,514.0
650.0,726.0
640.0,460.0
603.0,563.0
686.0,564.0
809.0,754.0
762.0,588.0
458.0,604.0
584.0,720.0
612.0,663.0
488.0,648.0
685.0,636.0
646.0,664.0
869.0,734.0
522.0,
707.0,555.0
507.0,346.0
815.0,789.0
680.0,620.0
518.0,563.0
576.0,
635.0,715.0
508.0,640.0
546.0,668.0
613.0,690.0
674.0,
586.0,615.0
754.0,642.0
664.0,592.0
559.0,653.0
638.0,599.0
660.0,795.0
567.0,566.0
506.0,623.0
451.0,593.0
610.0,697.0
535.0,445.0
557.0,584.0
724.0,645.0
486.0,571.0
680.0,
652.0,654.0
654.0,698.0
613.0,551.0
550.0,554.0
489.0,
553.0,406.0
667.0,663.0
568.0,599.0
690.0,517.0
540.0,695.0
607.0,655.0
593.0,
408.0,571.0
562.0,490.0
607.0,516.0
591.0,611.0
561.0,539.0
670.0,632.0
713.0,677.0
688.0,673.0
464.0,544.0
797.0,624.0
699.0,659.0
690.0,578.0
649.0,512.0
459.0,499.0
601.0,708.0
593.0,623.0
684.0,583.0
471.0,
530.0,756.0
607.0,590.0
634.0,579.0
572.0,
763.0,708.0
622.0,595.0
479.0,656.0
613.0,
475.0,647.0
499.0,528.0
590.0,688.0
565.0,
491.0,676.0
752.0,534.0
494.0,520.0
638.0,589.0
581.0,681.0
606.0,441.0
700.0,705.0
529.0,631.0
634.0,
568.0,627.0
514.0,
746.0,576.0
543.0,435.0
624.0,477.0
554.0,568.0
644.0,604.0
524.0,648.0
453.0,369.0
564.0,631.0
706.0,717.0
451.0,438.0
698.0,803.0
689.0,710.0
515.0,545.0
634.0,647.0
706.0,714.0
494.0,582.0
612.0,582.0
785.0,739.0
486.0,531.0
710.0,675.0
640.0,642.0
736.0,
398.0,433.0
618.0,517.0
777.0,789.0
712.0,564.0
684.0,
490.0,
567.0,580.0
544.0,568.0
553.0,513.0
827.0,
741.0,783.0
630.0,597.0
528.0,681.0
587.0,
671.0,
559.0,541.0
795.0,752.0
578.0,470.0
612.0,683.0
669.0,514.0
639.0,627.0
427.0,381.0
350.0,
572.0,634.0
705.0,710.0
580.0,740.0
638.0,668.0
710.0,767.0
606.0,634.0
821.0,680.0
458.0,483.0
717.0,545.0
482.0,510.0
526.0,
368.0,439.0
657.0,667.0
533.0,541.0
698.0,794.0
616.0,487.0
504.0,419.0
574.0,608.0
500.0,563.0
572.0,550.0
568.0,567.0
526.0,595.0
691.0,
635.0,684.0
510.0,493.0
785.0,640.0
325.0,
716.0,671.0
668.0,516.0
628.0,657.0
713.0,615.0
658.0,788.0
624.0,651.0
554.0,562.0
693.0,651.0
553.0,
796.0,588.0
562.0,668.0
583.0,536.0
698.0,641.0
555.0,606.0
503.0,482.0
576.0,472.0
604.0,616.0
627.0,611.0
715.0,590.0
601.0,
544.0,402.0
628.0,660.0
631.0,497.0
743.0,631.0
707.0,909.0
481.0,478.0
785.0,686.0
590.0,481.0
524.0,446.0
497.0,392.0
571.0,
540.0,
517.0,565.0
813.0,769.0
632.0,474.0
341.0,426.0
609.0,513.0
585.0,605.0
486.0,696.0
705.0,617.0
722.0,
371.0,457.0
614.0,714.0
750.0,649.0
549.0,637.0
622.0,757.0
767.0,
562.0,
675.0,511.0
689.0,555.0
626.0,602.0
457.0,606.0
564.0,522.0
659.0,821.0
538.0,655.0
703.0,581.0
548.0,618.0
472.0,651.0
617.0,674.0
584.0,669.0
640.0,
600.0,519.0
633.0,640.0
547.0,591.0
774.0,637.0
787.0,558.0
601.0,
567.0,697.0
505.0,631.0
540.0,650.0
485.0,565.0
617.0,708.0
560.0,551.0
536.0,626.0
549.0,533.0
712.0,591.0
686.0,643.0
579.0,759.0
669.0,558.0
621.0,647.0
685.0,573.0
595.0,596.0
700.0,681.0
558.0,652.0
622.0,700.0
573.0,
529.0,527.0
597.0,
632.0,630.0
511.0,506.0
560.0,439.0
622.0,770.0
653.0,704.0
561.0,532.0
456.0,527.0
649.0,727.0
664.0,583.0
561.0,461.0
667.0,595.0
689.0,575.0
574.0,679.0
646.0,597.0
615.0,
633.0,695.0
689.0,656.0
574.0,525.0
341.0,458.0
664.0,591.0
672.0,621.0
754.0,561.0
871.0,803.0
735.0,667.0
818.0,727.0
478.0,495.0
691.0,
569.0,734.0
681.0,605.0
525.0,599.0
870.0,856.0
511.0,591.0
624.0,560.0
620.0,697.0
595.0,613.0
805.0,615.0
783.0,682.0
781.0,786.0
627.0,
554.0,427.0
655.0,824.0
545.0,556.0
642.0,697.0
691.0,774.0
523.0,490.0
499.0,
667.0,
641.0,737.0
493.0,418.0
540.0,539.0
645.0,784.0
671.0,562.0
580.0,652.0
654.0,577.0
726.0,610.0
592.0,
589.0,561.0
490.0,506.0
695.0,728.0
782.0,700.0
545.0,597.0
436.0,536.0
783.0,540.0
552.0,639.0
619.0,600.0
792.0,
716.0,574.0
516.0,551.0
536.0,466.0
672.0,566.0
607.0,617.0
693.0,727.0
694.0,743.0
419.0,530.0
628.0,
650.0,520.0
606.0,351.0
490.0,591.0
417.0,490.0
730.0,603.0
585.0,568.0
584.0,653.0
711.0,
790.0,732.0
622.0,733.0
648.0,542.0
591.0,455.0
531.0,667.0
635.0,505.0
749.0,495.0
599.0,558.0
515.0,546.0
594.0,
261.0,295.0
601.0,560.0
671.0,754.0
638.0,662.0
653.0,643.0
578.0,680.0
597.0,587.0
669.0,852.0
628.0,533.0
603.0,590.0
609.0,570.0
782.0,760.0
481.0,441.0
536.0,549.0
700.0,720.0
577.0,602.0
702.0,703.0
537.0,601.0
531.0,645.0
564.0,
638.0,715.0
654.0,751.0
582.0,603.0
595.0,594.0
529.0,530.0
492.0,607.0
511.0,642.0
380.0,393.0
711.0,767.0
557.0,599.0
429.0,459.0
510.0,425.0
550.0,549.0
737.0,682.0
492.0,524.0
731.0,490.0
507.0,465.0
660.0,572.0
584.0,530.0
553.0,607.0
855.0,628.0
715.0,746.0
592.0,
528.0,486.0
772.0,658.0
797.0,597.0
621.0,623.0
530.0,514.0
617.0,589.0
484.0,636.0
707.0,558.0
756.0,760.0
404.0,568.0
691.0,767.0
753.0,761.0
672.0,709.0
656.0,664.0
364.0,451.0
576.0,417.0
596.0,707.0
561.0,545.0
554.0,660.0
591.0,615.0
673.0,577.0
506.0,592.0
790.0,703.0
746.0,731.0
527.0,459.0
451.0,661.0
454.0,382.0
565.0,
839.0,
738.0,598.0
342.0,437.0
491.0,549.0
469.0,555.0
716.0,675.0
818.0,710.0
572.0,
528.0,631.0
622.0,633.0
558.0,647.0
609.0,489.0
511.0,613.0
671.0,650.0
588.0,465.0
514.0,666.0
609.0,
598.0,644.0
580.0,
599.0,662.0
707.0,
686.0,646.0
678.0,648.0
742.0,837.0
684.0,660.0
444.0,572.0
656.0,
559.0,594.0
434.0,546.0
427.0,394.0
626.0,
533.0,599.0
528.0,516.0
592.0,579.0
726.0,676.0
424.0,434.0
511.0,543.0
625.0,602.0
668.0,608.0
334.0,457.0
532.0,570.0
627.0,509.0
487.0,594.0
687.0,509.0
570.0,502.0
589.0,604.0
655.0,554.0
540.0,490.0
668.0,399.0
630.0,667.0
823.0,744.0
501.0,484.0
569.0,498.0
581.0,578.0
588.0,516.0
639.0,667.0
606.0,625.0
582.0,525.0
673.0,582.0
661.0,581.0
554.0,592.0
456.0,551.0
609.0,608.0
591.0,631.0
729.0,641.0
603.0,
726.0,957.0
589.0,674.0
571.0,584.0
402.0,
586.0,677.0
690.0,633.0
542.0,
417.0,667.0
542.0,543.0
619.0,
683.0,
578.0,
575.0,813.0
712.0,815.0
460.0,470.0
758.0,757.0
761.0,749.0
644.0,628.0
616.0,589.0
695.0,767.0
474.0,612.0
754.0,
633.0,
460.0,
647.0,707.0
507.0,551.0
570.0,661.0
797.0,644.0
603.0,
540.0,542.0
548.0,490.0
617.0,
721.0,687.0
548.0,543.0
642.0,621.0
431.0,406.0
366.0,441.0
691.0,730.0
612.0,630.0
664.0,573.0
601.0,616.0
508.0,430.0
712.0,712.0
638.0,505.0
533.0,559.0
662.0,692.0
616.0,826.0
623.0,
532.0,568.0
534.0,631.0
598.0,616.0
474.0,402.0
593.0,547.0
639.0,583.0
430.0,555.0
690.0,636.0
590.0,
610.0,729.0
658.0,
342.0,426.0
513.0,542.0
345.0,422.0
712.0,619.0
524.0,523.0
556.0,489.0
562.0,561.0
542.0,455.0
419.0,374.0
495.0,472.0
496.0,529.0
585.0,472.0
620.0,
558.0,553.0
703.0,580.0
555.0,
466.0,491.0
733.0,631.0
573.0,554.0
577.0,597.0
548.0,575.0
509.0,
436.0,441.0
637.0,754.0
634.0,670.0
413.0,421.0
376.0,525.0
728.0,570.0
468.0,560.0
492.0,628.0
658.0,665.0
687.0,648.0
390.0,535.0
595.0,593.0
426.0,601.0
663.0,597.0
561.0,559.0
560.0,519.0
654.0,764.0
636.0,
733.0,598.0
648.0,656.0
618.0,651.0
633.0,584.0
723.0,620.0
557.0,
782.0,757.0
655.0,
590.0,559.0
601.0,689.0
546.0,549.0
515.0,638.0
685.0,639.0
804.0,822.0
486.0,428.0
637.0,
542.0,573.0
576.0,522.0
555.0,558.0
684.0,653.0
689.0,634.0
719.0,
481.0,528.0
683.0,571.0
790.0,797.0
552.0,535.0
514.0,451.0
561.0,488.0
577.0,
674.0,570.0
620.0,608.0
593.0,583.0
705.0,672.0
375.0,437.0
819.0,650.0
587.0,669.0
432.0,412.0
775.0,829.0
507.0,490.0
519.0,553.0
573.0,515.0
661.0,
643.0,657.0
617.0,715.0
846.0,678.0
708.0,609.0
722.0,600.0
586.0,
635.0,666.0
678.0,717.0
525.0,
290.0,442.0
549.0,542.0
516.0,
721.0,692.0
704.0,
653.0,501.0
572.0,477.0
612.0,613.0
483.0,482.0
510.0,616.0
642.0,603.0
637.0,714.0
720.0,545.0
682.0,620.0
629.0,718.0
555.0,597.0
742.0,730.0
602.0,612.0
414.0,498.0
682.0,605.0
746.0,
640.0,
642.0,483.0
691.0,683.0
368.0,553.0
630.0,634.0
610.0,573.0
709.0,645.0
580.0,
636.0,715.0
460.0,459.0
653.0,625.0
676.0,672.0
621.0,504.0
639.0,783.0
583.0,
565.0,700.0
646.0,496.0
796.0,638.0
487.0,640.0
567.0,591.0
566.0,445.0
599.0,516.0
721.0,602.0
654.0,611.0
635.0,595.0
404.0,470.0
538.0,470.0
657.0,819.0
560.0,685.0
678.0,732.0
602.0,616.0
637.0,
486.0,708.0
690.0,481.0
631.0,408.0
514.0,533.0
545.0,
537.0,555.0
442.0,486.0
727.0,599.0
758.0,682.0
540.0,561.0
411.0,399.0
645.0,678.0
501.0,512.0
760.0,728.0
561.0,495.0
692.0,
619.0,568.0
584.0,697.0
549.0,600.0
668.0,
678.0,602.0
705.0,
537.0,539.0
396.0,499.0
486.0,602.0
630.0,530.0
546.0,549.0
652.0,520.0
665.0,574.0
529.0,575.0
541.0,606.0
720.0,769.0
372.0,439.0
706.0,595.0
535.0,672.0
782.0,746.0
610.0,583.0
646.0,659.0
608.0,701.0
628.0,668.0
473.0,577.0
509.0,470.0
612.0,686.0
540.0,460.0
713.0,
639.0,597.0
538.0,
666.0,601.0
340.0,421.0
766.0,753.0
351.0,517.0
598.0,632.0
658.0,590.0
619.0,609.0
484.0,644.0
388.0,501.0
472.0,445.0
582.0,647.0
563.0,544.0
638.0,543.0
517.0,645.0
579.0,634.0
674.0,
632.0,664.0
515.0,618.0
516.0,574.0
659.0,674.0
654.0,
443.0,570.0
587.0,541.0
587.0,508.0
725.0,590.0
574.0,651.0
572.0,
600.0,519.0
774.0,671.0
476.0,503.0
761.0,667.0
712.0,620.0
679.0,641.0
755.0,729.0
710.0,614.0
657.0,
507.0,
404.0,517.0
716.0,662.0
611.0,661.0
572.0,525.0
557.0,470.0
598.0,583.0
543.0,
392.0,347.0
660.0,726.0
642.0,
480.0,381.0
537.0,505.0
678.0,711.0
617.0,597.0
622.0,591.0
618.0,730.0
525.0,545.0
502.0,689.0
573.0,514.0
787.0,627.0
669.0,706.0
675.0,801.0
714.0,
485.0,470.0
587.0,576.0
714.0,832.0
565.0,488.0
484.0,584.0
421.0,279.0
646.0,609.0
643.0,664.0
668.0,710.0
591.0,711.0
638.0,656.0
778.0,
833.0,643.0
695.0,731.0
594.0,443.0
567.0,496.0
479.0,588.0
530.0,377.0
577.0,596.0
542.0,606.0
623.0,550.0
553.0,
760.0,
681.0,564.0
513.0,541.0
627.0,677.0
831.0,683.0
554.0,577.0
695.0,707.0
636.0,
449.0,594.0
434.0,492.0
683.0,
724.0,648.0
746.0,
565.0,485.0
576.0,620.0
719.0,705.0
602.0,640.0
490.0,582.0
465.0,451.0
571.0,519.0
638.0,618.0
500.0,493.0
644.0,589.0
707.0,
643.0,616.0
650.0,673.0
765.0,809.0
639.0,
672.0,556.0
608.0,
616.0,599.0
746.0,509.0
700.0,673.0
416.0,472.0
734.0,752.0
479.0,551.0
726.0,612.0
468.0,672.0
587.0,
663.0,628.0
514.0,
799.0,674.0
489.0,644.0
842.0,679.0
783.0,671.0
709.0,846.0
458.0,
523.0,535.0
538.0,621.0
540.0,455.0
642.0,747.0
649.0,655.0
479.0,546.0
599.0,682.0
640.0,419.0
479.0,570.0
453.0,634.0
590.0,523.0
548.0,412.0
502.0,602.0
475.0,
611.0,637.0
591.0,609.0
578.0,549.0
449.0,362.0
473.0,478.0
720.0,786.0
486.0,601.0
725.0,746.0
608.0,
749.0,598.0
550.0,555.0
728.0,639.0
698.0,668.0
469.0,468.0
743.0,636.0
612.0,667.0
795.0,721.0
737.0,629.0
748.0,704.0
614.0,
597.0,768.0
423.0,427.0
649.0,673.0
716.0,786.0
757.0,696.0
546.0,559.0
597.0,637.0
640.0,589.0
529.0,
654.0,
489.0,637.0
794.0,606.0
547.0,513.0
584.0,696.0
707.0,647.0
622.0,698.0
449.0,439.0
509.0,580.0
700.0,709.0
689.0,487.0
795.0,650.0
496.0,497.0
637.0,591.0
609.0,789.0
500.0,501.0
446.0,
544.0,560.0
737.0,707.0
681.0,559.0
643.0,603.0
813.0,637.0
626.0,630.0
542.0,498.0
502.0,548.0
455.0,
548.0,567.0
499.0,389.0
668.0,539.0
699.0,570.0
510.0,486.0
678.0,727.0
608.0,654.0
611.0,475.0
502.0,539.0
670.0,549.0
652.0,777.0
625.0,679.0
515.0,644.0
697.0,647.0
611.0,494.0
527.0,621.0
653.0,601.0
623.0,
689.0,652.0
617.0,
535.0,566.0
673.0,718.0
482.0,
632.0,
796.0,868.0
589.0,500.0
640.0,
700.0,648.0
592.0,609.0
414.0,410.0
603.0,
534.0,693.0
498.0,
590.0,617.0
685.0,768.0
500.0,
619.0,
799.0,662.0
621.0,704.0
724.0,660.0
708.0,770.0
659.0,585.0
648.0,637.0
807.0,668.0
567.0,782.0
652.0,642.0
818.0,714.0
632.0,630.0
708.0,745.0
868.0,
449.0,378.0
605.0,
616.0,741.0
673.0,534.0
669.0,610.0
574.0,721.0
403.0,550.0
591.0,615.0
740.0,568.0
625.0,543.0
577.0,712.0
565.0,512.0
589.0,595.0
703.0,609.0
513.0,478.0
594.0,594.0
524.0,566.0
560.0,492.0
457.0,582.0
521.0,726.0
591.0,571.0
503.0,617.0
676.0,692.0
632.0,
468.0,558.0
624.0,561.0
546.0,638.0
523.0,395.0
523.0,614.0
420.0,441.0
565.0,603.0
697.0,556.0
606.0,629.0
346.0,443.0
608.0,715.0
754.0,
527.0,573.0
635.0,683.0
714.0,597.0
603.0,
798.0,581.0
641.0,550.0
503.0,533.0
584.0,481.0
571.0,562.0
699.0,498.0
542.0,500.0
430.0,468.0
525.0,
664.0,587.0
622.0,514.0
734.0,687.0
615.0,
615.0,609.0
532.0,518.0
699.0,627.0
512.0,717.0
566.0,455.0
456.0,386.0
538.0,503.0
600.0,467.0
690.0,742.0
738.0,540.0
566.0,552.0
626.0,657.0
703.0,710.0
751.0,845.0
618.0,729.0
800.0,649.0
595.0,598.0
650.0,540.0
574.0,676.0
644.0,811.0
508.0,
691.0,
650.0,
485.0,445.0
573.0,584.0
545.0,
693.0,640.0
668.0,734.0
485.0,533.0
600.0,
589.0,
581.0,544.0
526.0,487.0
665.0,600.0
721.0,
639.0,657.0
515.0,536.0
633.0,735.0
532.0,438.0
568.0,546.0
434.0,539.0
637.0,659.0
563.0,564.0
417.0,570.0
463.0,481.0
515.0,437.0
572.0,559.0
396.0,
611.0,690.0
530.0,530.0
670.0,733.0
700.0,755.0
813.0,758.0
763.0,615.0
547.0,492.0
689.0,805.0
803.0,671.0
832.0,763.0
685.0,560.0
680.0,662.0
508.0,517.0
611.0,486.0
659.0,660.0
535.0,580.0
634.0,571.0
764.0,703.0
668.0,674.0
672.0,563.0
619.0,589.0
656.0,610.0
556.0,565.0
672.0,550.0
591.0,440.0
516.0,603.0
582.0,656.0
619.0,657.0
539.0,534.0
539.0,714.0
509.0,484.0
633.0,710.0
620.0,519.0
643.0,562.0
512.0,522.0
560.0,482.0
652.0,655.0
693.0,732.0
620.0,618.0
508.0,504.0
481.0,307.0
745.0,739.0
574.0,544.0
675.0,731.0
484.0,757.0
650.0,761.0
563.0,
546.0,589.0
520.0,
689.0,706.0
706.0,644.0
639.0,736.0
750.0,
472.0,449.0
746.0,691.0
439.0,483.0
436.0,490.0
486.0,463.0
467.0,621.0
664.0,703.0
673.0,700.0
563.0,681.0
492.0,579.0
488.0,529.0
563.0,498.0
515.0,584.0
425.0,
659.0,608.0
537.0,516.0
755.0,607.0
656.0,779.0
475.0,467.0
815.0,
404.0,496.0
499.0,561.0
502.0,478.0
560.0,583.0
770.0,641.0
452.0,415.0
682.0,745.0
512.0,499.0
577.0,635.0
686.0,627.0
647.0,528.0
510.0,650.0
634.0,581.0
563.0,
542.0,
488.0,473.0
713.0,614.0
732.0,
549.0,540.0
859.0,
669.0,
675.0,680.0
459.0,507.0
515.0,476.0
563.0,627.0
605.0,
673.0,633.0
688.0,583.0
606.0,516.0
651.0,828.0
485.0,
577.0,526.0
670.0,531.0
491.0,419.0
417.0,324.0
376.0,536.0
668.0,561.0
560.0,449.0
675.0,
621.0,617.0
640.0,588.0
513.0,490.0
617.0,518.0
777.0,768.0
520.0,459.0
517.0,515.0
674.0,
643.0,582.0
695.0,720.0
802.0,852.0
690.0,826.0
646.0,807.0
643.0,721.0
699.0,776.0
523.0,452.0
692.0,718.0
610.0,565.0
766.0,587.0
582.0,598.0
711.0,553.0
451.0,529.0
472.0,634.0
671.0,635.0
603.0,535.0
606.0,585.0
562.0,555.0
596.0,634.0
710.0,725.0
590.0,602.0
671.0,770.0
580.0,626.0
502.0,501.0
565.0,
857.0,847.0
654.0,675.0
580.0,659.0
501.0,458.0
513.0,635.0
407.0,462.0
512.0,521.0
580.0,489.0
748.0,627.0
693.0,579.0
588.0,586.0
701.0,662.0
545.0,510.0
554.0,522.0
704.0,477.0
519.0,599.0
436.0,615.0
497.0,551.0
442.0,606.0
542.0,560.0
680.0,687.0
479.0,
478.0,515.0
688.0,
549.0,566.0
515.0,
531.0,592.0
435.0,402.0
604.0,
561.0,628.0
516.0,560.0
711.0,620.0
611.0,526.0
643.0,577.0
559.0,554.0
587.0,582.0
490.0,560.0
346.0,612.0
632.0,556.0
672.0,747.0
473.0,328.0
638.0,682.0
517.0,545.0
611.0,499.0
633.0,557.0
633.0,668.0
610.0,
585.0,635.0
636.0,585.0
744.0,698.0
671.0,602.0
653.0,
465.0,552.0
644.0,807.0
687.0,699.0
683.0,
635.0,
697.0,637.0
527.0,588.0
643.0,590.0
498.0,
687.0,693.0
609.0,568.0
550.0,605.0
695.0,744.0
479.0,448.0
658.0,549.0
669.0,658.0
613.0,672.0
601.0,579.0
721.0,562.0
845.0,729.0
597.0,533.0
489.0,659.0
611.0,561.0
542.0,530.0
634.0,517.0
757.0,758.0
702.0,688.0
467.0,553.0
462.0,539.0
584.0,639.0
561.0,512.0
642.0,517.0
538.0,544.0
612.0,681.0
708.0,716.0
453.0,548.0
544.0,697.0
704.0,736.0
590.0,632.0
578.0,381.0
521.0,633.0
785.0,676.0
571.0,495.0
661.0,457.0
616.0,339.0
515.0,518.0
513.0,416.0
523.0,508.0
610.0,528.0
708.0,688.0
551.0,652.0
386.0,549.0
658.0,580.0
720.0,660.0
477.0,425.0
687.0,777.0
568.0,469.0
702.0,
628.0,724.0
588.0,626.0
532.0,458.0
458.0,567.0
440.0,562.0
746.0,644.0
716.0,
699.0,693.0
735.0,587.0
601.0,656.0
530.0,438.0
565.0,572.0
722.0,773.0
648.0,549.0
733.0,653.0
372.0,
556.0,619.0
591.0,
583.0,466.0
614.0,655.0
614.0,637.0
648.0,640.0
699.0,610.0
526.0,609.0
587.0,726.0
621.0,
576.0,539.0
557.0,536.0
733.0,430.0
573.0,510.0
495.0,487.0
441.0,554.0
477.0,421.0
618.0,546.0
577.0,645.0
464.0,654.0
613.0,584.0
452.0,458.0
590.0,600.0
631.0,597.0
428.0,684.0
729.0,707.0
622.0,637.0
658.0,556.0
589.0,
501.0,558.0
717.0,822.0
569.0,
461.0,477.0
371.0,546.0
440.0,414.0
720.0,669.0
481.0,510.0
837.0,748.0
560.0,542.0
491.0,476.0
610.0,762.0
546.0,659.0
551.0,659.0
687.0,620.0
446.0,541.0
393.0,458.0
579.0,
614.0,568.0
595.0,594.0
672.0,657.0
643.0,
573.0,529.0
394.0,555.0
548.0,646.0
498.0,465.0
583.0,610.0
586.0,579.0
758.0,704.0
598.0,
589.0,649.0
627.0,701.0
521.0,423.0
639.0,748.0
546.0,579.0
555.0,577.0
567.0,535.0
428.0,488.0
718.0,685.0
571.0,614.0
617.0,552.0
707.0,945.0
676.0,696.0
557.0,547.0
492.0,560.0
549.0,661.0
659.0,
539.0,
481.0,335.0
487.0,563.0
590.0,437.0
557.0,666.0
471.0,501.0
537.0,745.0
614.0,554.0
558.0,474.0
526.0,476.0
501.0,305.0
507.0,491.0
742.0,599.0
650.0,460.0
405.0,435.0
480.0,616.0
638.0,610.0
457.0,399.0
628.0,697.0
757.0,712.0
585.0,616.0
629.0,650.0
603.0,457.0
484.0,365.0
704.0,641.0
636.0,682.0
541.0,666.0
592.0,459.0
578.0,554.0
726.0,754.0
826.0,700.0
523.0,442.0
654.0,
617.0,532.0
663.0,559.0
662.0,578.0
634.0,
650.0,555.0
583.0,744.0
476.0,543.0
560.0,
738.0,655.0
664.0,728.0
641.0,634.0
650.0,561.0
