post_ARPPU,pre_ARPPU,group
660.0,595.0,A
540.0,621.0,A
863.0,782.0,A
431.0,567.0,A
434.0,473.0,A
392.0,338.0,A
685.0,575.0,A
596.0,584.0,A
586.0,600.0,A
580.0,507.0,A
649.0,487.0,A
701.0,742.0,A
474.0,579.0,A
492.0,,A
640.0,592.0,A
586.0,719.0,A
566.0,481.0,A
589.0,591.0,A
753.0,828.0,A
652.0,631.0,A
453.0,499.0,A
713.0,,A
550.0,673.0,A
453.0,529.0,A
604.0,,A
616.0,,A
651.0,616.0,A
747.0,538.0,A
439.0,492.0,A
595.0,,A
528.0,596.0,A
647.0,582.0,A
522.0,,A
515.0,605.0,A
798.0,783.0,A
535.0,495.0,A
547.0,390.0,A
540.0,597.0,A
539.0,669.0,A
599.0,607.0,A
633.0,,A
824.0,757.0,A
684.0,613.0,A
538.0,631.0,A
489.0,555.0,A
527.0,580.0,A
648.0,,A
461.0,399.0,A
676.0,527.0,A
584.0,611.0,A
694.0,679.0,A
559.0,620.0,A
765.0,777.0,A
572.0,607.0,A
637.0,733.0,A
704.0,582.0,A
513.0,659.0,A
522.0,562.0,A
377.0,405.0,A
614.0,597.0,A
577.0,572.0,A
586.0,605.0,A
633.0,666.0,A
682.0,730.0,A
640.0,679.0,A
633.0,646.0,A
546.0,573.0,A
604.0,580.0,A
622.0,,A
492.0,644.0,A
520.0,,A
954.0,906.0,A
747.0,668.0,A
679.0,697.0,A
505.0,576.0,A
684.0,694.0,A
527.0,,A
492.0,458.0,A
604.0,508.0,A
513.0,585.0,A
508.0,,A
680.0,667.0,A
646.0,568.0,A
556.0,594.0,A
580.0,631.0,A
686.0,,A
546.0,580.0,A
602.0,,A
550.0,683.0,A
533.0,557.0,A
581.0,495.0,A
526.0,,A
746.0,673.0,A
464.0,587.0,A
733.0,636.0,A
684.0,503.0,A
595.0,,A
587.0,628.0,A
609.0,851.0,A
536.0,465.0,A
692.0,598.0,A
802.0,661.0,A
633.0,,A
815.0,687.0,A
532.0,,A
694.0,662.0,A
549.0,604.0,A
675.0,,A
698.0,597.0,A
569.0,,A
492.0,621.0,A
615.0,718.0,A
685.0,,A
597.0,635.0,A
585.0,520.0,A
472.0,555.0,A
658.0,699.0,A
542.0,,A
772.0,602.0,A
643.0,654.0,A
572.0,645.0,A
606.0,601.0,A
591.0,562.0,A
606.0,689.0,A
492.0,512.0,A
522.0,482.0,A
356.0,364.0,A
734.0,762.0,A
577.0,407.0,A
473.0,413.0,A
413.0,500.0,A
609.0,,A
604.0,485.0,A
614.0,574.0,A
623.0,652.0,A
656.0,514.0,A
579.0,529.0,A
531.0,469.0,A
740.0,581.0,A
611.0,605.0,A
632.0,574.0,A
634.0,597.0,A
410.0,476.0,A
822.0,704.0,A
605.0,541.0,A
519.0,549.0,A
505.0,657.0,A
610.0,601.0,A
673.0,734.0,A
625.0,596.0,A
677.0,553.0,A
570.0,,A
739.0,775.0,A
565.0,599.0,A
554.0,605.0,A
672.0,677.0,A
579.0,605.0,A
647.0,560.0,A
591.0,,A
551.0,541.0,A
711.0,546.0,A
622.0,550.0,A
591.0,715.0,A
694.0,719.0,A
739.0,665.0,A
614.0,653.0,A
438.0,466.0,A
759.0,516.0,A
565.0,552.0,A
693.0,576.0,A
384.0,594.0,A
612.0,,A
490.0,599.0,A
677.0,518.0,A
451.0,534.0,A
535.0,594.0,A
393.0,646.0,A
528.0,497.0,A
449.0,546.0,A
570.0,659.0,A
562.0,533.0,A
456.0,378.0,A
808.0,768.0,A
629.0,526.0,A
498.0,557.0,A
671.0,560.0,A
668.0,644.0,A
737.0,626.0,A
495.0,478.0,A
658.0,,A
598.0,620.0,A
506.0,630.0,A
668.0,746.0,A
468.0,568.0,A
623.0,,A
642.0,,A
787.0,742.0,A
556.0,576.0,A
695.0,692.0,A
759.0,,A
598.0,,A
428.0,524.0,A
721.0,,A
460.0,548.0,A
687.0,705.0,A
516.0,586.0,A
610.0,424.0,A
587.0,639.0,A
348.0,,A
547.0,,A
767.0,711.0,A
454.0,,A
774.0,850.0,A
385.0,483.0,A
456.0,575.0,A
614.0,687.0,A
635.0,597.0,A
559.0,,A
602.0,622.0,A
612.0,667.0,A
675.0,655.0,A
414.0,412.0,A
542.0,624.0,A
718.0,593.0,A
652.0,618.0,A
500.0,,A
537.0,475.0,A
511.0,,A
504.0,679.0,A
599.0,,A
656.0,629.0,A
697.0,765.0,A
738.0,735.0,A
690.0,607.0,A
696.0,659.0,A
619.0,602.0,A
607.0,479.0,A
426.0,555.0,A
514.0,616.0,A
540.0,628.0,A
555.0,496.0,A
556.0,,A
686.0,822.0,A
658.0,618.0,A
568.0,490.0,A
685.0,706.0,A
555.0,521.0,A
561.0,689.0,A
446.0,468.0,A
768.0,,A
579.0,610.0,A
562.0,,A
485.0,511.0,A
766.0,,A
853.0,853.0,A
692.0,679.0,A
538.0,556.0,A
402.0,396.0,A
553.0,556.0,A
592.0,665.0,A
535.0,475.0,A
439.0,496.0,A
659.0,681.0,A
591.0,605.0,A
762.0,777.0,A
601.0,565.0,A
629.0,635.0,A
556.0,448.0,A
594.0,595.0,A
637.0,563.0,A
593.0,579.0,A
449.0,502.0,A
684.0,695.0,A
465.0,420.0,A
776.0,,A
594.0,570.0,A
707.0,768.0,A
686.0,616.0,A
638.0,720.0,A
767.0,703.0,A
671.0,,A
637.0,,A
700.0,650.0,A
616.0,683.0,A
460.0,570.0,A
604.0,575.0,A
581.0,575.0,A
482.0,539.0,A
532.0,403.0,A
571.0,577.0,A
661.0,741.0,A
669.0,652.0,A
389.0,527.0,A
525.0,508.0,A
576.0,559.0,A
643.0,673.0,A
642.0,538.0,A
683.0,560.0,A
487.0,,A
621.0,508.0,A
667.0,737.0,A
558.0,,A
617.0,701.0,A
609.0,495.0,A
601.0,681.0,A
536.0,461.0,A
667.0,745.0,A
668.0,579.0,A
534.0,534.0,A
874.0,657.0,A
742.0,,A
487.0,,A
529.0,599.0,A
660.0,743.0,A
718.0,733.0,A
783.0,661.0,A
273.0,489.0,A
751.0,697.0,A
565.0,595.0,A
633.0,599.0,A
674.0,620.0,A
545.0,430.0,A
449.0,424.0,A
481.0,632.0,A
577.0,663.0,A
578.0,409.0,A
616.0,652.0,A
646.0,655.0,A
717.0,638.0,A
698.0,555.0,A
511.0,544.0,A
695.0,616.0,A
561.0,714.0,A
586.0,665.0,A
415.0,422.0,A
550.0,754.0,A
517.0,473.0,A
593.0,,A
619.0,554.0,A
563.0,610.0,A
484.0,,A
637.0,,A
657.0,680.0,A
532.0,548.0,A
743.0,720.0,A
561.0,481.0,A
590.0,498.0,A
492.0,730.0,A
588.0,700.0,A
618.0,561.0,A
701.0,620.0,A
743.0,691.0,A
656.0,722.0,A
718.0,697.0,A
437.0,490.0,A
656.0,611.0,A
676.0,673.0,A
584.0,669.0,A
762.0,671.0,A
575.0,,A
506.0,505.0,A
652.0,756.0,A
583.0,,A
514.0,627.0,A
719.0,,A
518.0,562.0,A
477.0,,A
570.0,647.0,A
558.0,599.0,A
624.0,584.0,A
512.0,675.0,A
397.0,465.0,A
639.0,576.0,A
594.0,577.0,A
503.0,598.0,A
605.0,519.0,A
670.0,558.0,A
450.0,464.0,A
524.0,498.0,A
483.0,503.0,A
770.0,683.0,A
554.0,513.0,A
651.0,,A
569.0,562.0,A
665.0,677.0,A
518.0,584.0,A
582.0,646.0,A
518.0,529.0,A
647.0,565.0,A
544.0,588.0,A
444.0,570.0,A
728.0,700.0,A
670.0,572.0,A
589.0,579.0,A
489.0,539.0,A
757.0,698.0,A
683.0,648.0,A
667.0,684.0,A
605.0,678.0,A
676.0,639.0,A
635.0,,A
645.0,714.0,A
667.0,755.0,A
606.0,624.0,A
610.0,529.0,A
546.0,,A
746.0,620.0,A
435.0,684.0,A
630.0,553.0,A
661.0,631.0,A
630.0,606.0,A
634.0,597.0,A
623.0,585.0,A
667.0,632.0,A
561.0,727.0,A
598.0,594.0,A
740.0,634.0,A
671.0,620.0,A
641.0,634.0,A
611.0,532.0,A
607.0,720.0,A
467.0,469.0,A
403.0,418.0,A
747.0,723.0,A
553.0,530.0,A
656.0,625.0,A
650.0,777.0,A
643.0,587.0,A
813.0,793.0,A
595.0,679.0,A
586.0,599.0,A
625.0,570.0,A
608.0,519.0,A
487.0,545.0,A
517.0,701.0,A
584.0,721.0,A
653.0,,A
548.0,597.0,A
404.0,407.0,A
817.0,664.0,A
609.0,645.0,A
512.0,572.0,A
561.0,400.0,A
494.0,479.0,A
674.0,,A
539.0,,A
637.0,511.0,A
545.0,,A
734.0,700.0,A
465.0,455.0,A
593.0,644.0,A
437.0,560.0,A
726.0,,A
618.0,,A
531.0,418.0,A
623.0,504.0,A
725.0,,A
551.0,638.0,A
620.0,698.0,A
555.0,623.0,A
514.0,508.0,A
418.0,550.0,A
775.0,783.0,A
635.0,572.0,A
508.0,557.0,A
495.0,517.0,A
670.0,,A
539.0,527.0,A
681.0,499.0,A
619.0,615.0,A
561.0,,A
558.0,411.0,A
474.0,639.0,A
762.0,759.0,A
641.0,,A
599.0,667.0,A
634.0,650.0,A
578.0,,A
475.0,711.0,A
719.0,615.0,A
581.0,437.0,A
648.0,713.0,A
668.0,588.0,A
624.0,611.0,A
608.0,614.0,A
690.0,642.0,A
869.0,891.0,A
675.0,675.0,A
505.0,555.0,A
515.0,533.0,A
565.0,589.0,A
634.0,,A
647.0,734.0,A
626.0,766.0,A
761.0,665.0,A
648.0,,A
676.0,,A
578.0,571.0,A
374.0,,A
658.0,733.0,A
720.0,734.0,A
638.0,524.0,A
853.0,774.0,A
435.0,514.0,A
641.0,502.0,A
681.0,675.0,A
570.0,613.0,A
574.0,644.0,A
753.0,700.0,A
648.0,578.0,A
597.0,666.0,A
645.0,749.0,A
675.0,655.0,A
570.0,535.0,A
673.0,656.0,A
459.0,478.0,A
634.0,586.0,A
459.0,560.0,A
624.0,563.0,A
694.0,,A
599.0,600.0,A
607.0,591.0,A
613.0,,A
600.0,,A
422.0,456.0,A
555.0,570.0,A
676.0,653.0,A
622.0,630.0,A
616.0,715.0,A
696.0,587.0,A
593.0,,A
584.0,701.0,A
528.0,,A
627.0,709.0,A
581.0,478.0,A
575.0,401.0,A
632.0,689.0,A
757.0,605.0,A
708.0,694.0,A
440.0,616.0,A
569.0,471.0,A
546.0,631.0,A
535.0,495.0,A
474.0,518.0,A
766.0,768.0,A
473.0,610.0,A
621.0,738.0,A
450.0,633.0,A
449.0,,A
520.0,556.0,A
646.0,693.0,A
541.0,600.0,A
567.0,627.0,A
592.0,605.0,A
437.0,575.0,A
588.0,562.0,A
625.0,720.0,A
633.0,560.0,A
608.0,553.0,A
831.0,694.0,A
497.0,556.0,A
728.0,704.0,A
539.0,566.0,A
664.0,637.0,A
627.0,563.0,A
487.0,522.0,A
498.0,588.0,A
421.0,,A
646.0,700.0,A
491.0,576.0,A
531.0,513.0,A
608.0,473.0,A
648.0,676.0,A
463.0,412.0,A
774.0,690.0,A
617.0,586.0,A
495.0,547.0,A
537.0,484.0,A
644.0,762.0,A
602.0,530.0,A
741.0,664.0,A
627.0,511.0,A
454.0,553.0,A
388.0,483.0,A
606.0,702.0,A
647.0,672.0,A
619.0,653.0,A
591.0,702.0,A
539.0,514.0,A
467.0,504.0,A
630.0,643.0,A
471.0,480.0,A
591.0,537.0,A
439.0,581.0,A
534.0,604.0,A
577.0,561.0,A
612.0,665.0,A
473.0,550.0,A
568.0,481.0,A
598.0,618.0,A
592.0,727.0,A
578.0,626.0,A
381.0,453.0,A
609.0,547.0,A
496.0,429.0,A
622.0,,A
510.0,512.0,A
562.0,679.0,A
574.0,800.0,A
660.0,732.0,A
495.0,655.0,A
592.0,,A
541.0,531.0,A
501.0,513.0,A
416.0,512.0,A
552.0,,A
525.0,437.0,A
488.0,480.0,A
538.0,537.0,A
751.0,696.0,A
572.0,619.0,A
776.0,734.0,A
557.0,712.0,A
691.0,689.0,A
617.0,593.0,A
433.0,495.0,A
659.0,759.0,A
780.0,744.0,A
653.0,454.0,A
591.0,551.0,A
648.0,732.0,A
564.0,483.0,A
559.0,,A
582.0,555.0,A
682.0,637.0,A
630.0,721.0,A
642.0,693.0,A
592.0,552.0,A
481.0,422.0,A
749.0,783.0,A
715.0,646.0,A
530.0,,A
686.0,726.0,A
639.0,571.0,A
401.0,491.0,A
531.0,679.0,A
832.0,724.0,A
618.0,617.0,A
501.0,497.0,A
529.0,551.0,A
620.0,548.0,A
544.0,767.0,A
472.0,547.0,A
554.0,420.0,A
478.0,,A
804.0,780.0,A
484.0,497.0,A
680.0,683.0,A
486.0,443.0,A
580.0,504.0,A
659.0,627.0,A
533.0,561.0,A
722.0,594.0,A
479.0,371.0,A
622.0,524.0,A
545.0,505.0,A
640.0,668.0,A
483.0,490.0,A
513.0,501.0,A
638.0,714.0,A
598.0,652.0,A
709.0,509.0,A
511.0,406.0,A
732.0,646.0,A
640.0,642.0,A
584.0,,A
750.0,628.0,A
699.0,499.0,A
626.0,,A
659.0,567.0,A
672.0,751.0,A
681.0,685.0,A
482.0,536.0,A
515.0,504.0,A
596.0,508.0,A
573.0,703.0,A
728.0,799.0,A
434.0,556.0,A
576.0,541.0,A
452.0,539.0,A
520.0,577.0,A
543.0,540.0,A
687.0,,A
671.0,529.0,A
494.0,436.0,A
543.0,521.0,A
611.0,668.0,A
552.0,,A
619.0,542.0,A
442.0,628.0,A
687.0,622.0,A
655.0,652.0,A
805.0,809.0,A
524.0,567.0,A
553.0,615.0,A
726.0,697.0,A
709.0,782.0,A
647.0,518.0,A
734.0,548.0,A
606.0,748.0,A
533.0,551.0,A
620.0,550.0,A
729.0,648.0,A
766.0,577.0,A
771.0,,A
396.0,406.0,A
635.0,548.0,A
730.0,602.0,A
834.0,796.0,A
653.0,644.0,A
459.0,511.0,A
520.0,,A
419.0,594.0,A
694.0,689.0,A
630.0,543.0,A
691.0,673.0,A
579.0,475.0,A
430.0,587.0,A
429.0,450.0,A
465.0,,A
778.0,644.0,A
573.0,603.0,A
707.0,735.0,A
497.0,558.0,A
503.0,598.0,A
683.0,487.0,A
644.0,,A
623.0,715.0,A
599.0,566.0,A
586.0,784.0,A
752.0,,A
641.0,627.0,A
503.0,535.0,A
533.0,,A
668.0,652.0,A
589.0,691.0,A
542.0,526.0,A
738.0,689.0,A
583.0,600.0,A
532.0,412.0,A
517.0,623.0,A
580.0,493.0,A
500.0,,A
550.0,,A
550.0,612.0,A
388.0,333.0,A
746.0,652.0,A
688.0,658.0,A
733.0,562.0,A
635.0,632.0,A
452.0,462.0,A
459.0,,A
716.0,744.0,A
585.0,704.0,A
579.0,620.0,A
461.0,555.0,A
688.0,751.0,A
672.0,610.0,A
523.0,588.0,A
455.0,452.0,A
494.0,530.0,A
530.0,506.0,A
666.0,657.0,A
475.0,387.0,A
664.0,663.0,A
565.0,479.0,A
762.0,634.0,A
678.0,604.0,A
454.0,596.0,A
575.0,636.0,A
488.0,602.0,A
466.0,,A
528.0,470.0,A
485.0,,A
629.0,496.0,A
661.0,478.0,A
598.0,543.0,A
560.0,511.0,A
535.0,620.0,A
569.0,587.0,A
673.0,668.0,A
761.0,791.0,A
592.0,513.0,A
739.0,742.0,A
661.0,702.0,A
582.0,617.0,A
687.0,738.0,A
663.0,458.0,A
471.0,504.0,A
476.0,496.0,A
671.0,,A
751.0,766.0,A
467.0,523.0,A
614.0,,A
512.0,636.0,A
637.0,,A
404.0,594.0,A
609.0,615.0,A
657.0,621.0,A
684.0,594.0,A
614.0,488.0,A
619.0,627.0,A
712.0,,A
656.0,611.0,A
712.0,707.0,A
678.0,630.0,A
698.0,648.0,A
385.0,461.0,A
612.0,750.0,A
519.0,566.0,A
447.0,465.0,A
670.0,588.0,A
588.0,589.0,A
663.0,627.0,A
699.0,698.0,A
539.0,470.0,A
533.0,536.0,A
520.0,558.0,A
487.0,665.0,A
623.0,641.0,A
494.0,664.0,A
727.0,638.0,A
695.0,710.0,A
686.0,605.0,A
630.0,563.0,A
647.0,,A
580.0,496.0,A
477.0,247.0,A
717.0,587.0,A
675.0,632.0,A
659.0,567.0,A
652.0,705.0,A
497.0,677.0,A
703.0,662.0,A
704.0,758.0,A
639.0,661.0,A
413.0,493.0,A
454.0,526.0,A
446.0,531.0,A
722.0,736.0,A
648.0,546.0,A
565.0,541.0,A
648.0,605.0,A
622.0,636.0,A
562.0,615.0,A
544.0,,A
540.0,,A
529.0,509.0,A
586.0,594.0,A
762.0,799.0,A
709.0,689.0,A
694.0,555.0,A
431.0,441.0,A
611.0,574.0,A
637.0,688.0,A
513.0,451.0,A
568.0,614.0,A
482.0,,A
595.0,554.0,A
621.0,,A
707.0,664.0,A
445.0,424.0,A
545.0,621.0,A
464.0,430.0,A
420.0,541.0,A
620.0,737.0,A
452.0,505.0,A
620.0,588.0,A
678.0,684.0,A
699.0,561.0,A
452.0,486.0,A
812.0,810.0,A
602.0,466.0,A
724.0,606.0,A
525.0,541.0,A
524.0,554.0,A
541.0,583.0,A
419.0,343.0,A
534.0,490.0,A
635.0,598.0,A
411.0,541.0,A
551.0,405.0,A
576.0,540.0,A
622.0,552.0,A
427.0,,A
786.0,718.0,A
607.0,560.0,A
322.0,384.0,A
624.0,,A
724.0,770.0,A
530.0,576.0,A
566.0,,A
576.0,452.0,A
961.0,,A
644.0,692.0,A
673.0,669.0,A
637.0,,A
691.0,727.0,A
418.0,465.0,A
616.0,633.0,A
465.0,479.0,A
623.0,527.0,A
548.0,702.0,A
494.0,,A
645.0,,A
704.0,643.0,A
677.0,475.0,A
534.0,562.0,A
804.0,528.0,A
510.0,574.0,A
462.0,664.0,A
537.0,578.0,A
699.0,653.0,A
567.0,477.0,A
585.0,692.0,A
520.0,501.0,A
734.0,,A
685.0,607.0,A
693.0,535.0,A
573.0,582.0,A
694.0,666.0,A
669.0,535.0,A
583.0,650.0,A
560.0,446.0,A
432.0,595.0,A
641.0,,A
689.0,583.0,A
431.0,524.0,A
631.0,604.0,A
711.0,717.0,A
722.0,677.0,A
665.0,605.0,A
586.0,586.0,A
663.0,540.0,A
479.0,445.0,A
641.0,617.0,A
535.0,555.0,A
597.0,683.0,A
695.0,607.0,A
737.0,644.0,A
542.0,490.0,A
577.0,582.0,A
768.0,686.0,A
563.0,574.0,A
739.0,737.0,A
675.0,569.0,A
415.0,471.0,A
451.0,478.0,A
697.0,674.0,A
645.0,806.0,A
804.0,,A
531.0,595.0,A
589.0,501.0,A
524.0,,A
563.0,520.0,A
669.0,693.0,A
578.0,672.0,A
723.0,609.0,A
566.0,,A
562.0,519.0,A
569.0,480.0,A
685.0,,A
666.0,618.0,A
548.0,,A
484.0,498.0,A
812.0,734.0,A
558.0,559.0,A
657.0,693.0,A
655.0,744.0,A
713.0,589.0,A
523.0,613.0,A
605.0,593.0,A
630.0,,A
693.0,527.0,A
512.0,484.0,A
603.0,603.0,A
572.0,631.0,A
566.0,650.0,A
533.0,,A
605.0,,A
592.0,554.0,A
589.0,643.0,A
583.0,545.0,A
724.0,637.0,A
630.0,568.0,A
687.0,,A
623.0,661.0,A
413.0,437.0,A
596.0,557.0,A
691.0,637.0,A
667.0,759.0,A
562.0,,A
703.0,691.0,A
430.0,676.0,A
664.0,692.0,A
700.0,726.0,A
531.0,527.0,A
618.0,507.0,A
658.0,620.0,A
685.0,579.0,A
375.0,478.0,A
782.0,679.0,A
685.0,625.0,A
477.0,662.0,A
568.0,539.0,A
419.0,524.0,A
720.0,637.0,A
589.0,561.0,A
397.0,505.0,A
632.0,536.0,A
612.0,596.0,A
591.0,473.0,A
563.0,408.0,A
660.0,684.0,A
464.0,475.0,A
675.0,666.0,A
535.0,,A
534.0,552.0,A
615.0,660.0,A
710.0,,A
590.0,445.0,A
669.0,617.0,A
617.0,679.0,A
671.0,602.0,A
718.0,773.0,A
525.0,371.0,A
630.0,484.0,A
297.0,409.0,A
457.0,374.0,A
507.0,560.0,A
658.0,739.0,A
522.0,509.0,A
766.0,858.0,A
573.0,,A
725.0,,A
548.0,509.0,A
556.0,,A
612.0,800.0,A
578.0,,A
664.0,679.0,A
482.0,571.0,A
548.0,,A
596.0,593.0,A
667.0,665.0,A
556.0,,A
765.0,633.0,A
684.0,611.0,A
521.0,473.0,A
525.0,487.0,A
443.0,481.0,A
558.0,705.0,A
565.0,690.0,A
434.0,502.0,A
646.0,628.0,A
523.0,481.0,A
747.0,641.0,A
471.0,512.0,A
621.0,705.0,A
628.0,,A
295.0,404.0,A
509.0,475.0,A
416.0,,A
362.0,480.0,A
650.0,620.0,A
588.0,,A
414.0,397.0,A
520.0,582.0,A
806.0,548.0,A
696.0,753.0,A
525.0,500.0,A
664.0,620.0,A
565.0,,A
574.0,599.0,A
467.0,522.0,A
658.0,675.0,A
611.0,623.0,A
670.0,593.0,A
541.0,650.0,A
718.0,712.0,A
571.0,585.0,A
614.0,533.0,A
585.0,,A
738.0,700.0,A
653.0,788.0,A
541.0,565.0,A
593.0,485.0,A
668.0,606.0,A
685.0,614.0,A
526.0,,A
439.0,444.0,A
907.0,911.0,A
685.0,582.0,A
560.0,485.0,A
546.0,417.0,A
571.0,,A
727.0,810.0,A
622.0,541.0,A
441.0,533.0,A
624.0,510.0,A
614.0,,A
664.0,624.0,A
688.0,622.0,A
618.0,512.0,A
408.0,412.0,A
638.0,508.0,A
511.0,483.0,A
566.0,711.0,A
530.0,561.0,A
624.0,827.0,A
533.0,679.0,A
625.0,510.0,A
574.0,571.0,A
630.0,,A
512.0,532.0,A
748.0,670.0,A
740.0,,A
632.0,548.0,A
503.0,517.0,A
580.0,626.0,A
484.0,396.0,A
615.0,714.0,A
561.0,667.0,A
607.0,614.0,A
608.0,470.0,A
758.0,802.0,A
713.0,682.0,A
698.0,,A
460.0,612.0,A
572.0,533.0,A
533.0,464.0,A
556.0,554.0,A
654.0,827.0,A
452.0,413.0,A
574.0,527.0,A
673.0,612.0,A
550.0,524.0,A
631.0,564.0,A
702.0,592.0,A
533.0,506.0,A
707.0,593.0,A
540.0,512.0,A
670.0,636.0,A
679.0,,A
613.0,504.0,A
678.0,634.0,A
832.0,642.0,A
576.0,641.0,A
492.0,492.0,A
655.0,721.0,A
472.0,454.0,A
699.0,739.0,A
461.0,511.0,A
585.0,574.0,A
575.0,666.0,A
545.0,629.0,A
589.0,562.0,A
574.0,466.0,A
678.0,568.0,A
653.0,775.0,A
508.0,450.0,A
556.0,637.0,A
536.0,455.0,A
678.0,685.0,A
727.0,653.0,A
554.0,403.0,A
505.0,641.0,A
529.0,482.0,A
639.0,596.0,A
711.0,724.0,A
517.0,469.0,A
421.0,561.0,A
504.0,378.0,A
573.0,637.0,A
667.0,572.0,A
639.0,,A
530.0,599.0,A
728.0,,A
589.0,,A
557.0,660.0,A
554.0,436.0,A
585.0,,A
440.0,536.0,A
658.0,,A
607.0,635.0,A
816.0,778.0,A
662.0,529.0,A
574.0,663.0,A
520.0,580.0,A
592.0,498.0,A
727.0,821.0,A
568.0,672.0,A
624.0,584.0,A
583.0,,A
508.0,520.0,A
659.0,721.0,A
748.0,681.0,A
585.0,702.0,A
738.0,,A
514.0,570.0,A
630.0,,A
471.0,420.0,A
681.0,632.0,A
403.0,540.0,A
580.0,504.0,A
643.0,643.0,A
604.0,486.0,A
493.0,663.0,A
523.0,,A
659.0,,A
613.0,571.0,A
538.0,598.0,A
442.0,423.0,A
635.0,614.0,A
721.0,738.0,A
571.0,626.0,A
725.0,726.0,A
318.0,481.0,A
633.0,,A
680.0,586.0,A
688.0,696.0,A
473.0,633.0,A
597.0,464.0,A
584.0,569.0,A
790.0,,A
618.0,564.0,A
594.0,536.0,A
566.0,,A
499.0,622.0,A
598.0,499.0,A
449.0,511.0,A
448.0,514.0,A
540.0,636.0,A
498.0,466.0,A
627.0,,A
668.0,,A
640.0,634.0,A
653.0,526.0,A
580.0,613.0,A
514.0,540.0,A
814.0,661.0,A
654.0,628.0,A
719.0,,A
759.0,758.0,A
423.0,514.0,A
564.0,583.0,A
754.0,,A
498.0,536.0,A
568.0,675.0,A
673.0,587.0,A
726.0,474.0,A
611.0,626.0,A
595.0,583.0,A
655.0,567.0,A
609.0,583.0,A
680.0,516.0,A
692.0,760.0,A
488.0,548.0,A
513.0,614.0,A
669.0,709.0,A
564.0,,A
553.0,560.0,A
691.0,678.0,A
611.0,572.0,A
583.0,552.0,A
544.0,620.0,A
663.0,643.0,A
682.0,557.0,A
691.0,624.0,A
680.0,697.0,A
478.0,522.0,A
567.0,552.0,A
418.0,465.0,A
604.0,595.0,A
682.0,690.0,A
674.0,669.0,A
635.0,658.0,A
692.0,709.0,A
536.0,441.0,A
585.0,678.0,A
653.0,658.0,A
545.0,,A
659.0,,A
415.0,380.0,A
569.0,635.0,A
554.0,514.0,A
465.0,490.0,A
614.0,541.0,A
610.0,541.0,A
535.0,464.0,A
625.0,533.0,A
705.0,657.0,A
743.0,665.0,A
455.0,516.0,A
563.0,,A
617.0,660.0,A
595.0,483.0,A
660.0,664.0,A
693.0,700.0,A
594.0,545.0,A
753.0,551.0,A
583.0,552.0,A
663.0,547.0,A
537.0,456.0,A
463.0,534.0,A
707.0,451.0,A
712.0,,A
551.0,651.0,A
669.0,712.0,A
771.0,740.0,A
762.0,641.0,A
488.0,450.0,A
541.0,,A
648.0,553.0,A
514.0,550.0,A
510.0,647.0,A
635.0,588.0,A
649.0,,A
420.0,477.0,A
596.0,543.0,A
470.0,477.0,A
452.0,538.0,A
711.0,653.0,A
498.0,429.0,A
451.0,507.0,A
696.0,674.0,A
692.0,682.0,A
777.0,840.0,A
477.0,450.0,A
524.0,572.0,A
601.0,606.0,A
587.0,657.0,A
793.0,697.0,A
543.0,657.0,A
589.0,602.0,A
726.0,679.0,A
464.0,,A
597.0,631.0,A
498.0,,A
612.0,544.0,A
613.0,602.0,A
679.0,643.0,A
462.0,543.0,A
658.0,623.0,A
668.0,610.0,A
504.0,497.0,A
638.0,520.0,A
620.0,608.0,A
477.0,487.0,A
578.0,609.0,A
694.0,737.0,A
396.0,454.0,A
523.0,,A
520.0,486.0,A
697.0,596.0,A
531.0,,A
622.0,567.0,A
656.0,691.0,A
696.0,741.0,A
521.0,,A
699.0,,A
499.0,,A
804.0,774.0,A
609.0,577.0,A
510.0,556.0,A
694.0,654.0,A
561.0,,A
608.0,476.0,A
535.0,639.0,A
582.0,624.0,A
487.0,599.0,A
669.0,611.0,A
468.0,572.0,A
737.0,592.0,A
594.0,,A
665.0,720.0,A
467.0,548.0,A
346.0,247.0,A
556.0,615.0,A
722.0,586.0,A
592.0,,A
755.0,839.0,A
565.0,484.0,A
624.0,592.0,A
577.0,513.0,A
595.0,513.0,A
444.0,,A
638.0,,A
543.0,665.0,A
675.0,,A
546.0,,A
508.0,673.0,A
574.0,468.0,A
529.0,565.0,A
552.0,689.0,A
623.0,708.0,A
670.0,,A
591.0,633.0,A
686.0,583.0,A
624.0,477.0,A
640.0,612.0,A
551.0,682.0,A
660.0,722.0,A
559.0,692.0,A
556.0,,A
714.0,547.0,A
449.0,477.0,A
675.0,,A
748.0,,A
517.0,563.0,A
511.0,601.0,A
589.0,701.0,A
614.0,494.0,A
665.0,702.0,A
615.0,584.0,A
334.0,398.0,A
556.0,,A
479.0,480.0,A
500.0,461.0,A
756.0,714.0,A
615.0,725.0,A
730.0,693.0,A
537.0,622.0,A
575.0,582.0,A
470.0,543.0,A
500.0,,A
539.0,370.0,A
685.0,790.0,A
691.0,569.0,A
764.0,642.0,A
744.0,,A
786.0,721.0,A
740.0,,A
638.0,,A
674.0,,A
728.0,762.0,A
540.0,,A
477.0,493.0,A
606.0,760.0,A
713.0,636.0,A
702.0,757.0,A
558.0,513.0,A
571.0,662.0,A
543.0,621.0,A
640.0,646.0,A
758.0,690.0,A
428.0,566.0,A
628.0,,A
583.0,577.0,A
727.0,626.0,A
401.0,514.0,A
657.0,527.0,A
535.0,662.0,A
638.0,,A
742.0,651.0,A
534.0,512.0,A
601.0,516.0,A
564.0,535.0,A
512.0,593.0,A
652.0,617.0,A
446.0,525.0,A
621.0,569.0,A
571.0,491.0,A
482.0,452.0,A
710.0,763.0,A
667.0,678.0,A
488.0,533.0,A
615.0,610.0,A
623.0,658.0,A
606.0,754.0,A
321.0,302.0,A
780.0,683.0,A
618.0,735.0,A
620.0,,A
548.0,636.0,A
448.0,,A
456.0,517.0,A
662.0,,A
507.0,,A
399.0,514.0,A
624.0,575.0,A
534.0,466.0,A
539.0,454.0,A
579.0,628.0,A
389.0,506.0,A
544.0,,A
555.0,577.0,A
375.0,,A
588.0,635.0,A
688.0,533.0,A
596.0,,A
514.0,662.0,A
740.0,728.0,A
542.0,614.0,A
618.0,672.0,A
676.0,699.0,A
733.0,759.0,A
479.0,537.0,A
579.0,613.0,A
588.0,706.0,A
535.0,450.0,A
756.0,656.0,A
580.0,568.0,A
724.0,,A
488.0,453.0,A
640.0,671.0,A
649.0,715.0,A
599.0,535.0,A
601.0,574.0,A
514.0,,A
678.0,,A
538.0,529.0,A
477.0,,A
630.0,726.0,A
559.0,509.0,A
715.0,674.0,A
550.0,528.0,A
621.0,703.0,A
489.0,634.0,A
545.0,506.0,A
513.0,668.0,A
488.0,530.0,A
577.0,653.0,A
666.0,841.0,A
775.0,649.0,A
674.0,495.0,A
579.0,550.0,A
348.0,281.0,A
542.0,579.0,A
636.0,574.0,A
868.0,,A
686.0,607.0,A
563.0,622.0,A
579.0,673.0,A
689.0,723.0,A
689.0,559.0,A
709.0,,A
777.0,651.0,A
797.0,638.0,A
472.0,364.0,A
653.0,681.0,A
625.0,638.0,A
574.0,,A
532.0,417.0,A
587.0,589.0,A
538.0,,A
527.0,581.0,A
727.0,867.0,A
798.0,647.0,A
627.0,530.0,A
555.0,670.0,A
595.0,722.0,A
554.0,520.0,A
750.0,745.0,A
527.0,552.0,A
556.0,662.0,A
676.0,692.0,A
800.0,,A
751.0,773.0,A
650.0,682.0,A
525.0,525.0,A
570.0,,A
577.0,658.0,A
560.0,533.0,A
574.0,488.0,A
562.0,572.0,A
543.0,648.0,A
751.0,704.0,A
633.0,701.0,A
698.0,610.0,A
698.0,799.0,A
541.0,572.0,A
503.0,549.0,A
620.0,602.0,A
580.0,448.0,A
640.0,565.0,A
538.0,570.0,A
658.0,,A
515.0,,A
641.0,,A
539.0,617.0,A
646.0,674.0,A
687.0,616.0,A
479.0,502.0,A
711.0,680.0,A
738.0,632.0,A
500.0,488.0,A
625.0,,A
492.0,460.0,A
776.0,819.0,A
520.0,,A
571.0,556.0,A
605.0,599.0,A
483.0,464.0,A
788.0,821.0,A
416.0,609.0,A
532.0,462.0,A
583.0,618.0,A
562.0,,A
647.0,588.0,A
552.0,539.0,A
449.0,,A
788.0,721.0,A
566.0,652.0,A
435.0,636.0,A
575.0,546.0,A
530.0,561.0,A
647.0,711.0,A
661.0,720.0,A
467.0,558.0,A
681.0,627.0,A
708.0,565.0,A
605.0,,A
497.0,491.0,A
445.0,445.0,A
614.0,506.0,A
690.0,,A
730.0,787.0,A
573.0,,A
572.0,501.0,A
643.0,644.0,A
602.0,576.0,A
464.0,588.0,A
523.0,484.0,A
647.0,622.0,A
517.0,581.0,A
705.0,606.0,A
764.0,549.0,A
595.0,,A
497.0,460.0,A
459.0,,A
542.0,690.0,A
569.0,587.0,A
693.0,561.0,A
611.0,608.0,A
481.0,433.0,A
553.0,,A
751.0,766.0,A
619.0,589.0,A
639.0,575.0,A
664.0,680.0,A
821.0,866.0,A
647.0,790.0,A
574.0,579.0,A
683.0,649.0,A
625.0,,A
507.0,557.0,A
653.0,499.0,A
522.0,489.0,A
587.0,534.0,A
511.0,684.0,A
472.0,557.0,A
476.0,479.0,A
616.0,582.0,A
594.0,,A
648.0,,A
501.0,526.0,A
741.0,695.0,A
614.0,,A
594.0,516.0,A
596.0,643.0,A
840.0,739.0,A
662.0,674.0,A
493.0,523.0,A
763.0,748.0,A
611.0,650.0,A
653.0,717.0,A
539.0,672.0,A
584.0,738.0,A
564.0,,A
400.0,484.0,A
632.0,630.0,A
663.0,624.0,A
679.0,608.0,A
826.0,831.0,A
676.0,579.0,A
594.0,725.0,A
662.0,641.0,A
633.0,596.0,A
540.0,,A
630.0,,A
718.0,715.0,A
606.0,,A
656.0,725.0,A
645.0,,A
593.0,616.0,A
871.0,942.0,A
660.0,429.0,A
393.0,491.0,A
504.0,588.0,A
731.0,,A
576.0,526.0,A
462.0,,A
524.0,495.0,A
431.0,,A
554.0,659.0,A
538.0,486.0,A
661.0,694.0,A
501.0,547.0,A
521.0,704.0,A
566.0,587.0,A
706.0,536.0,A
712.0,554.0,A
629.0,668.0,A
701.0,595.0,A
731.0,653.0,A
670.0,738.0,A
651.0,556.0,A
646.0,626.0,A
608.0,574.0,A
702.0,674.0,A
681.0,,A
554.0,600.0,A
535.0,,A
510.0,,A
658.0,677.0,A
546.0,594.0,A
593.0,684.0,A
711.0,501.0,A
656.0,620.0,A
594.0,543.0,A
665.0,646.0,A
636.0,,A
628.0,,A
650.0,619.0,A
560.0,654.0,A
584.0,736.0,A
500.0,,A
384.0,375.0,A
478.0,503.0,A
595.0,591.0,A
441.0,,A
713.0,655.0,A
552.0,563.0,A
413.0,492.0,A
546.0,494.0,A
502.0,448.0,A
525.0,,A
625.0,,A
632.0,590.0,A
558.0,,A
660.0,628.0,A
680.0,631.0,A
800.0,674.0,A
679.0,615.0,A
602.0,683.0,A
557.0,561.0,A
639.0,756.0,A
374.0,493.0,A
861.0,759.0,A
672.0,777.0,A
688.0,600.0,A
543.0,,A
778.0,775.0,A
649.0,483.0,A
553.0,582.0,A
513.0,531.0,A
588.0,685.0,A
694.0,595.0,A
603.0,598.0,A
378.0,587.0,A
686.0,628.0,A
594.0,596.0,A
695.0,570.0,A
525.0,516.0,A
652.0,,A
686.0,787.0,A
515.0,681.0,A
584.0,648.0,A
839.0,742.0,A
686.0,610.0,A
542.0,,A
693.0,745.0,A
661.0,543.0,A
737.0,582.0,A
648.0,,A
705.0,,A
768.0,781.0,A
517.0,588.0,A
590.0,563.0,A
474.0,,A
624.0,506.0,A
387.0,459.0,A
833.0,,A
672.0,650.0,A
489.0,478.0,A
389.0,476.0,A
664.0,652.0,A
599.0,,A
510.0,561.0,A
500.0,484.0,A
559.0,,A
691.0,640.0,A
766.0,764.0,A
732.0,,A
541.0,659.0,A
599.0,,A
392.0,376.0,A
566.0,577.0,A
470.0,616.0,A
541.0,704.0,A
546.0,469.0,A
679.0,566.0,A
578.0,514.0,A
707.0,738.0,A
614.0,606.0,A
411.0,486.0,A
375.0,439.0,A
504.0,456.0,A
635.0,633.0,A
613.0,488.0,A
748.0,706.0,A
581.0,589.0,A
725.0,,A
637.0,733.0,A
337.0,437.0,A
704.0,672.0,A
663.0,662.0,A
676.0,625.0,A
610.0,688.0,A
499.0,,A
645.0,701.0,A
587.0,667.0,A
546.0,518.0,A
622.0,648.0,A
468.0,502.0,A
416.0,300.0,A
534.0,516.0,A
631.0,678.0,A
526.0,648.0,A
640.0,660.0,A
742.0,589.0,A
519.0,547.0,A
481.0,669.0,A
729.0,698.0,A
574.0,601.0,A
662.0,802.0,A
662.0,608.0,A
665.0,,A
686.0,707.0,A
585.0,553.0,A
594.0,501.0,A
623.0,,A
686.0,627.0,A
481.0,434.0,A
691.0,510.0,A
518.0,512.0,A
781.0,679.0,A
442.0,492.0,A
576.0,,A
603.0,534.0,A
651.0,549.0,A
491.0,520.0,A
471.0,471.0,A
515.0,,A
496.0,558.0,A
729.0,570.0,A
766.0,635.0,A
519.0,595.0,A
676.0,673.0,A
615.0,625.0,A
613.0,501.0,A
520.0,493.0,A
574.0,532.0,A
648.0,707.0,A
601.0,566.0,A
658.0,613.0,A
568.0,530.0,A
547.0,622.0,A
670.0,692.0,A
681.0,691.0,A
565.0,,A
525.0,485.0,A
529.0,599.0,A
534.0,,A
616.0,542.0,A
494.0,469.0,A
589.0,452.0,A
336.0,544.0,A
570.0,,A
521.0,491.0,A
629.0,655.0,A
596.0,,A
493.0,589.0,A
642.0,653.0,A
573.0,515.0,A
740.0,649.0,A
611.0,503.0,A
555.0,,A
623.0,602.0,A
679.0,,A
711.0,624.0,A
569.0,580.0,A
497.0,445.0,A
579.0,608.0,A
374.0,406.0,A
549.0,408.0,A
716.0,623.0,A
691.0,642.0,A
613.0,539.0,A
541.0,565.0,A
604.0,622.0,A
581.0,543.0,A
705.0,798.0,A
433.0,487.0,A
643.0,733.0,A
689.0,688.0,A
641.0,691.0,A
443.0,330.0,A
666.0,469.0,A
615.0,565.0,A
442.0,,A
423.0,,A
392.0,477.0,A
522.0,642.0,A
603.0,568.0,A
630.0,625.0,A
496.0,,A
574.0,624.0,A
448.0,,A
598.0,598.0,A
547.0,551.0,A
528.0,559.0,A
619.0,633.0,A
776.0,684.0,A
547.0,547.0,A
627.0,706.0,A
646.0,,A
733.0,607.0,A
529.0,475.0,A
596.0,,A
658.0,739.0,A
593.0,447.0,A
595.0,567.0,A
697.0,511.0,A
690.0,610.0,A
613.0,494.0,A
646.0,656.0,A
645.0,692.0,A
540.0,488.0,A
803.0,,A
554.0,631.0,A
518.0,651.0,A
566.0,474.0,A
532.0,551.0,A
575.0,572.0,A
574.0,432.0,A
648.0,615.0,A
612.0,549.0,A
747.0,760.0,A
394.0,629.0,A
428.0,687.0,A
586.0,,A
460.0,443.0,A
646.0,,A
697.0,604.0,A
579.0,,A
611.0,665.0,A
537.0,645.0,A
801.0,843.0,A
656.0,648.0,A
654.0,624.0,A
507.0,599.0,A
523.0,433.0,A
471.0,484.0,A
604.0,595.0,A
523.0,538.0,A
814.0,754.0,A
654.0,638.0,A
723.0,,A
377.0,432.0,A
578.0,431.0,A
574.0,561.0,A
580.0,,A
665.0,749.0,A
460.0,477.0,A
549.0,619.0,A
344.0,497.0,A
610.0,589.0,A
578.0,635.0,A
627.0,674.0,A
573.0,646.0,A
782.0,783.0,A
540.0,462.0,A
568.0,486.0,A
720.0,714.0,A
488.0,490.0,A
530.0,666.0,A
592.0,541.0,A
708.0,785.0,A
607.0,,A
482.0,580.0,A
573.0,,A
565.0,738.0,A
603.0,556.0,A
598.0,595.0,A
426.0,430.0,A
597.0,,A
611.0,600.0,A
675.0,718.0,A
432.0,471.0,A
710.0,626.0,A
751.0,652.0,A
659.0,539.0,A
685.0,867.0,A
526.0,469.0,A
724.0,596.0,A
585.0,564.0,A
567.0,708.0,A
761.0,,A
554.0,462.0,A
602.0,,A
643.0,694.0,A
618.0,521.0,A
616.0,,A
607.0,615.0,A
769.0,866.0,A
370.0,427.0,A
623.0,617.0,A
560.0,628.0,A
429.0,661.0,A
519.0,450.0,A
661.0,694.0,A
557.0,535.0,A
499.0,513.0,A
526.0,602.0,A
678.0,618.0,A
574.0,510.0,A
555.0,599.0,A
740.0,691.0,A
652.0,,A
576.0,756.0,A
566.0,595.0,A
598.0,638.0,A
569.0,,A
682.0,640.0,A
644.0,452.0,A
706.0,582.0,A
671.0,535.0,A
650.0,597.0,A
620.0,595.0,A
443.0,565.0,A
657.0,583.0,A
701.0,531.0,A
677.0,609.0,A
729.0,686.0,A
526.0,491.0,A
511.0,597.0,A
629.0,620.0,A
559.0,503.0,A
640.0,669.0,A
591.0,656.0,A
594.0,695.0,A
656.0,588.0,A
586.0,668.0,A
615.0,512.0,A
634.0,692.0,A
514.0,453.0,A
503.0,554.0,A
667.0,656.0,A
618.0,453.0,A
589.0,717.0,A
761.0,734.0,A
555.0,558.0,A
592.0,522.0,A
481.0,632.0,A
622.0,663.0,A
600.0,565.0,A
508.0,426.0,A
541.0,563.0,A
567.0,475.0,A
592.0,583.0,A
440.0,535.0,A
538.0,565.0,A
651.0,647.0,A
641.0,476.0,A
553.0,474.0,A
646.0,681.0,A
695.0,571.0,A
716.0,638.0,A
625.0,779.0,A
492.0,534.0,A
757.0,832.0,A
562.0,496.0,A
797.0,,A
552.0,476.0,A
522.0,479.0,A
610.0,645.0,A
455.0,399.0,A
635.0,625.0,A
537.0,507.0,A
744.0,701.0,A
686.0,698.0,A
563.0,647.0,A
679.0,541.0,A
684.0,712.0,A
480.0,679.0,A
569.0,,A
633.0,885.0,A
615.0,604.0,A
572.0,626.0,A
650.0,,A
681.0,622.0,A
651.0,740.0,A
644.0,600.0,A
387.0,419.0,A
653.0,664.0,A
613.0,621.0,A
481.0,291.0,A
616.0,678.0,A
783.0,767.0,A
559.0,599.0,A
627.0,669.0,A
547.0,552.0,A
534.0,566.0,A
625.0,697.0,A
562.0,543.0,A
569.0,,A
730.0,,A
696.0,690.0,A
714.0,661.0,A
651.0,614.0,A
639.0,,A
584.0,569.0,A
580.0,555.0,A
752.0,671.0,A
646.0,610.0,A
678.0,770.0,A
618.0,634.0,A
635.0,548.0,A
781.0,913.0,A
651.0,607.0,A
559.0,586.0,A
530.0,584.0,A
722.0,562.0,A
618.0,678.0,A
523.0,582.0,A
546.0,603.0,A
700.0,514.0,A
757.0,762.0,A
505.0,405.0,A
608.0,651.0,A
511.0,440.0,A
519.0,697.0,A
596.0,528.0,A
546.0,602.0,A
350.0,589.0,A
713.0,793.0,A
470.0,614.0,A
593.0,738.0,A
576.0,555.0,A
733.0,794.0,A
584.0,565.0,A
556.0,675.0,A
628.0,681.0,A
594.0,530.0,A
731.0,722.0,A
918.0,1042.0,A
430.0,432.0,A
519.0,495.0,A
538.0,451.0,A
719.0,658.0,A
684.0,627.0,A
496.0,599.0,A
751.0,652.0,A
699.0,539.0,A
595.0,553.0,A
715.0,665.0,A
571.0,395.0,A
436.0,432.0,A
709.0,613.0,A
728.0,668.0,A
758.0,772.0,A
549.0,629.0,A
528.0,,A
580.0,647.0,A
508.0,548.0,A
832.0,761.0,A
619.0,631.0,A
687.0,511.0,A
603.0,562.0,A
682.0,726.0,A
688.0,482.0,A
514.0,524.0,A
500.0,664.0,A
527.0,580.0,A
590.0,706.0,A
633.0,420.0,A
639.0,610.0,A
444.0,515.0,A
891.0,696.0,A
546.0,412.0,A
685.0,690.0,A
513.0,520.0,A
727.0,823.0,A
739.0,,A
578.0,543.0,A
678.0,,A
526.0,472.0,A
514.0,479.0,A
630.0,583.0,B
768.0,678.0,B
649.0,631.0,B
755.0,783.0,B
432.0,537.0,B
615.0,,B
717.0,746.0,B
712.0,595.0,B
610.0,660.0,B
639.0,458.0,B
647.0,677.0,B
462.0,,B
513.0,516.0,B
558.0,491.0,B
815.0,736.0,B
637.0,617.0,B
418.0,407.0,B
704.0,659.0,B
541.0,543.0,B
482.0,425.0,B
748.0,685.0,B
782.0,,B
618.0,564.0,B
595.0,708.0,B
689.0,651.0,B
598.0,701.0,B
552.0,689.0,B
623.0,597.0,B
579.0,579.0,B
624.0,494.0,B
635.0,638.0,B
593.0,672.0,B
586.0,663.0,B
634.0,680.0,B
642.0,630.0,B
699.0,709.0,B
523.0,535.0,B
684.0,621.0,B
737.0,,B
555.0,,B
474.0,604.0,B
784.0,680.0,B
676.0,624.0,B
694.0,643.0,B
673.0,564.0,B
521.0,530.0,B
695.0,728.0,B
492.0,420.0,B
733.0,694.0,B
504.0,,B
707.0,552.0,B
519.0,,B
712.0,805.0,B
884.0,651.0,B
675.0,542.0,B
628.0,615.0,B
588.0,562.0,B
765.0,673.0,B
670.0,463.0,B
636.0,573.0,B
739.0,617.0,B
574.0,445.0,B
711.0,708.0,B
625.0,,B
618.0,502.0,B
607.0,502.0,B
660.0,628.0,B
544.0,581.0,B
511.0,556.0,B
532.0,571.0,B
743.0,,B
453.0,558.0,B
555.0,573.0,B
800.0,594.0,B
578.0,492.0,B
679.0,733.0,B
542.0,,B
470.0,,B
701.0,655.0,B
522.0,622.0,B
516.0,675.0,B
595.0,668.0,B
549.0,609.0,B
569.0,481.0,B
627.0,661.0,B
699.0,,B
715.0,851.0,B
639.0,508.0,B
712.0,685.0,B
492.0,543.0,B
604.0,496.0,B
558.0,542.0,B
547.0,533.0,B
634.0,,B
661.0,722.0,B
732.0,772.0,B
619.0,548.0,B
736.0,,B
604.0,503.0,B
583.0,523.0,B
681.0,516.0,B
424.0,533.0,B
653.0,,B
632.0,515.0,B
609.0,562.0,B
606.0,657.0,B
517.0,507.0,B
649.0,563.0,B
615.0,500.0,B
535.0,617.0,B
625.0,632.0,B
484.0,693.0,B
412.0,500.0,B
629.0,656.0,B
472.0,517.0,B
720.0,756.0,B
698.0,701.0,B
565.0,599.0,B
557.0,557.0,B
579.0,468.0,B
801.0,906.0,B
499.0,,B
588.0,639.0,B
526.0,466.0,B
579.0,784.0,B
626.0,696.0,B
573.0,,B
599.0,723.0,B
574.0,565.0,B
761.0,762.0,B
730.0,,B
558.0,435.0,B
782.0,695.0,B
644.0,,B
712.0,542.0,B
664.0,,B
629.0,530.0,B
516.0,589.0,B
436.0,483.0,B
412.0,380.0,B
475.0,668.0,B
646.0,483.0,B
584.0,628.0,B
498.0,533.0,B
509.0,,B
665.0,657.0,B
539.0,660.0,B
484.0,542.0,B
736.0,518.0,B
748.0,604.0,B
584.0,722.0,B
494.0,,B
590.0,531.0,B
603.0,610.0,B
488.0,505.0,B
592.0,778.0,B
673.0,699.0,B
552.0,597.0,B
388.0,366.0,B
793.0,771.0,B
743.0,722.0,B
545.0,536.0,B
696.0,607.0,B
483.0,627.0,B
702.0,844.0,B
727.0,769.0,B
599.0,579.0,B
589.0,569.0,B
458.0,440.0,B
630.0,587.0,B
719.0,723.0,B
633.0,577.0,B
544.0,,B
623.0,597.0,B
732.0,661.0,B
457.0,468.0,B
616.0,533.0,B
685.0,639.0,B
431.0,,B
710.0,486.0,B
596.0,638.0,B
565.0,613.0,B
738.0,922.0,B
523.0,559.0,B
605.0,719.0,B
764.0,634.0,B
743.0,540.0,B
474.0,425.0,B
531.0,546.0,B
763.0,759.0,B
469.0,370.0,B
539.0,,B
725.0,685.0,B
418.0,602.0,B
617.0,499.0,B
669.0,508.0,B
630.0,727.0,B
651.0,,B
539.0,,B
616.0,529.0,B
303.0,334.0,B
621.0,480.0,B
715.0,611.0,B
663.0,607.0,B
616.0,550.0,B
677.0,603.0,B
794.0,696.0,B
494.0,518.0,B
613.0,719.0,B
519.0,499.0,B
672.0,624.0,B
639.0,594.0,B
698.0,771.0,B
620.0,717.0,B
544.0,714.0,B
656.0,598.0,B
479.0,439.0,B
681.0,535.0,B
606.0,566.0,B
577.0,603.0,B
795.0,783.0,B
765.0,647.0,B
614.0,658.0,B
472.0,419.0,B
621.0,573.0,B
648.0,647.0,B
753.0,601.0,B
642.0,628.0,B
635.0,,B
612.0,607.0,B
680.0,,B
671.0,556.0,B
652.0,530.0,B
730.0,825.0,B
551.0,713.0,B
653.0,532.0,B
579.0,691.0,B
545.0,604.0,B
686.0,626.0,B
505.0,627.0,B
559.0,537.0,B
572.0,625.0,B
628.0,,B
489.0,589.0,B
425.0,444.0,B
463.0,430.0,B
744.0,671.0,B
524.0,515.0,B
716.0,,B
509.0,570.0,B
628.0,636.0,B
674.0,651.0,B
704.0,660.0,B
623.0,643.0,B
505.0,471.0,B
451.0,305.0,B
619.0,561.0,B
810.0,826.0,B
647.0,,B
618.0,655.0,B
522.0,565.0,B
551.0,559.0,B
546.0,632.0,B
643.0,560.0,B
686.0,622.0,B
611.0,537.0,B
673.0,695.0,B
656.0,554.0,B
691.0,641.0,B
727.0,702.0,B
408.0,427.0,B
412.0,278.0,B
624.0,527.0,B
759.0,631.0,B
552.0,497.0,B
615.0,583.0,B
649.0,603.0,B
528.0,657.0,B
636.0,453.0,B
649.0,528.0,B
782.0,713.0,B
716.0,557.0,B
585.0,510.0,B
528.0,632.0,B
767.0,774.0,B
732.0,779.0,B
554.0,589.0,B
566.0,638.0,B
685.0,641.0,B
387.0,351.0,B
521.0,430.0,B
585.0,,B
624.0,491.0,B
650.0,591.0,B
519.0,599.0,B
600.0,533.0,B
767.0,763.0,B
636.0,599.0,B
596.0,669.0,B
565.0,711.0,B
565.0,666.0,B
707.0,591.0,B
678.0,760.0,B
656.0,702.0,B
611.0,551.0,B
626.0,623.0,B
634.0,661.0,B
631.0,567.0,B
751.0,580.0,B
601.0,682.0,B
662.0,639.0,B
731.0,712.0,B
594.0,544.0,B
575.0,,B
560.0,513.0,B
345.0,474.0,B
693.0,,B
755.0,797.0,B
685.0,613.0,B
483.0,480.0,B
566.0,573.0,B
785.0,876.0,B
542.0,476.0,B
638.0,677.0,B
745.0,731.0,B
593.0,,B
618.0,,B
600.0,,B
656.0,561.0,B
933.0,618.0,B
529.0,644.0,B
556.0,543.0,B
432.0,,B
715.0,477.0,B
449.0,491.0,B
670.0,727.0,B
499.0,586.0,B
620.0,646.0,B
442.0,551.0,B
681.0,771.0,B
656.0,633.0,B
604.0,,B
680.0,458.0,B
926.0,756.0,B
694.0,572.0,B
705.0,749.0,B
602.0,735.0,B
656.0,550.0,B
627.0,540.0,B
472.0,,B
623.0,681.0,B
544.0,514.0,B
539.0,638.0,B
548.0,559.0,B
478.0,556.0,B
429.0,,B
568.0,709.0,B
806.0,715.0,B
641.0,577.0,B
582.0,663.0,B
769.0,671.0,B
491.0,491.0,B
389.0,480.0,B
495.0,574.0,B
634.0,,B
710.0,681.0,B
574.0,557.0,B
532.0,663.0,B
621.0,611.0,B
729.0,614.0,B
630.0,538.0,B
609.0,579.0,B
386.0,455.0,B
529.0,512.0,B
726.0,680.0,B
646.0,566.0,B
530.0,691.0,B
795.0,800.0,B
806.0,749.0,B
747.0,564.0,B
590.0,572.0,B
465.0,467.0,B
663.0,706.0,B
678.0,569.0,B
541.0,634.0,B
701.0,598.0,B
673.0,501.0,B
723.0,634.0,B
716.0,637.0,B
453.0,504.0,B
447.0,559.0,B
641.0,628.0,B
604.0,677.0,B
552.0,653.0,B
719.0,770.0,B
609.0,586.0,B
614.0,662.0,B
625.0,,B
631.0,729.0,B
902.0,658.0,B
598.0,627.0,B
819.0,690.0,B
796.0,674.0,B
555.0,729.0,B
617.0,543.0,B
660.0,572.0,B
671.0,820.0,B
539.0,476.0,B
529.0,485.0,B
460.0,418.0,B
633.0,636.0,B
546.0,670.0,B
800.0,677.0,B
595.0,,B
617.0,521.0,B
586.0,507.0,B
598.0,630.0,B
621.0,772.0,B
617.0,,B
598.0,615.0,B
539.0,456.0,B
640.0,569.0,B
641.0,694.0,B
770.0,685.0,B
553.0,546.0,B
651.0,578.0,B
481.0,598.0,B
531.0,,B
576.0,477.0,B
411.0,486.0,B
790.0,693.0,B
743.0,762.0,B
673.0,838.0,B
556.0,486.0,B
385.0,475.0,B
537.0,607.0,B
618.0,,B
645.0,604.0,B
554.0,673.0,B
718.0,746.0,B
559.0,618.0,B
416.0,574.0,B
733.0,774.0,B
547.0,571.0,B
615.0,,B
759.0,718.0,B
399.0,489.0,B
503.0,414.0,B
517.0,600.0,B
589.0,558.0,B
679.0,560.0,B
633.0,550.0,B
532.0,566.0,B
451.0,542.0,B
795.0,690.0,B
649.0,571.0,B
563.0,548.0,B
530.0,,B
758.0,623.0,B
557.0,,B
488.0,568.0,B
862.0,913.0,B
550.0,604.0,B
448.0,457.0,B
421.0,423.0,B
583.0,485.0,B
653.0,580.0,B
461.0,540.0,B
518.0,510.0,B
602.0,506.0,B
632.0,559.0,B
653.0,,B
664.0,586.0,B
627.0,730.0,B
640.0,438.0,B
561.0,,B
538.0,726.0,B
681.0,628.0,B
635.0,,B
523.0,491.0,B
657.0,664.0,B
382.0,451.0,B
624.0,730.0,B
777.0,646.0,B
635.0,,B
450.0,376.0,B
500.0,,B
415.0,590.0,B
461.0,,B
572.0,771.0,B
346.0,417.0,B
462.0,474.0,B
583.0,476.0,B
425.0,511.0,B
469.0,507.0,B
636.0,663.0,B
513.0,520.0,B
587.0,,B
567.0,,B
578.0,668.0,B
598.0,684.0,B
651.0,641.0,B
501.0,489.0,B
571.0,537.0,B
746.0,,B
592.0,553.0,B
538.0,471.0,B
698.0,576.0,B
653.0,580.0,B
441.0,497.0,B
625.0,521.0,B
444.0,427.0,B
594.0,627.0,B
570.0,,B
482.0,548.0,B
676.0,687.0,B
685.0,741.0,B
784.0,802.0,B
722.0,643.0,B
531.0,,B
699.0,738.0,B
575.0,,B
658.0,606.0,B
415.0,614.0,B
696.0,739.0,B
508.0,624.0,B
504.0,660.0,B
600.0,640.0,B
557.0,623.0,B
517.0,,B
561.0,553.0,B
525.0,348.0,B
494.0,426.0,B
626.0,699.0,B
626.0,,B
631.0,480.0,B
611.0,660.0,B
677.0,657.0,B
460.0,688.0,B
623.0,647.0,B
654.0,514.0,B
710.0,551.0,B
518.0,,B
432.0,473.0,B
640.0,628.0,B
514.0,,B
483.0,,B
558.0,575.0,B
492.0,534.0,B
603.0,552.0,B
652.0,625.0,B
799.0,887.0,B
671.0,730.0,B
443.0,481.0,B
652.0,556.0,B
591.0,642.0,B
793.0,,B
679.0,699.0,B
747.0,864.0,B
614.0,522.0,B
814.0,700.0,B
741.0,720.0,B
608.0,633.0,B
639.0,434.0,B
666.0,706.0,B
568.0,556.0,B
627.0,478.0,B
628.0,741.0,B
518.0,618.0,B
794.0,534.0,B
581.0,723.0,B
473.0,520.0,B
557.0,637.0,B
563.0,500.0,B
494.0,493.0,B
573.0,,B
672.0,736.0,B
679.0,601.0,B
608.0,542.0,B
496.0,405.0,B
481.0,,B
829.0,757.0,B
588.0,657.0,B
544.0,578.0,B
285.0,443.0,B
455.0,482.0,B
843.0,696.0,B
672.0,584.0,B
563.0,578.0,B
549.0,,B
583.0,555.0,B
458.0,607.0,B
520.0,522.0,B
664.0,,B
596.0,658.0,B
710.0,625.0,B
596.0,702.0,B
663.0,688.0,B
494.0,397.0,B
380.0,,B
689.0,615.0,B
568.0,471.0,B
621.0,446.0,B
533.0,513.0,B
554.0,690.0,B
630.0,576.0,B
651.0,693.0,B
538.0,537.0,B
687.0,,B
658.0,714.0,B
553.0,500.0,B
731.0,,B
504.0,494.0,B
393.0,587.0,B
562.0,551.0,B
505.0,469.0,B
666.0,,B
648.0,,B
556.0,588.0,B
577.0,583.0,B
462.0,521.0,B
535.0,597.0,B
479.0,331.0,B
805.0,792.0,B
545.0,419.0,B
606.0,646.0,B
790.0,796.0,B
572.0,526.0,B
574.0,525.0,B
574.0,,B
614.0,620.0,B
864.0,707.0,B
641.0,534.0,B
570.0,551.0,B
602.0,608.0,B
471.0,,B
659.0,666.0,B
422.0,467.0,B
686.0,,B
499.0,433.0,B
393.0,422.0,B
661.0,609.0,B
524.0,471.0,B
625.0,522.0,B
520.0,647.0,B
722.0,701.0,B
666.0,572.0,B
666.0,620.0,B
671.0,,B
607.0,,B
536.0,466.0,B
592.0,540.0,B
730.0,804.0,B
769.0,,B
622.0,789.0,B
493.0,501.0,B
609.0,594.0,B
541.0,549.0,B
458.0,511.0,B
711.0,656.0,B
509.0,514.0,B
456.0,476.0,B
564.0,504.0,B
589.0,546.0,B
661.0,668.0,B
638.0,594.0,B
570.0,476.0,B
640.0,639.0,B
697.0,619.0,B
555.0,543.0,B
665.0,603.0,B
626.0,,B
759.0,713.0,B
572.0,668.0,B
546.0,542.0,B
604.0,776.0,B
443.0,583.0,B
621.0,467.0,B
554.0,,B
731.0,703.0,B
591.0,547.0,B
640.0,704.0,B
534.0,583.0,B
657.0,662.0,B
544.0,429.0,B
602.0,450.0,B
478.0,516.0,B
467.0,417.0,B
677.0,728.0,B
591.0,598.0,B
595.0,670.0,B
840.0,663.0,B
500.0,602.0,B
616.0,454.0,B
416.0,540.0,B
695.0,783.0,B
629.0,591.0,B
669.0,535.0,B
755.0,840.0,B
622.0,451.0,B
665.0,738.0,B
697.0,833.0,B
613.0,626.0,B
600.0,532.0,B
559.0,,B
677.0,690.0,B
531.0,486.0,B
553.0,462.0,B
598.0,698.0,B
733.0,679.0,B
624.0,500.0,B
530.0,544.0,B
472.0,464.0,B
521.0,654.0,B
634.0,587.0,B
466.0,470.0,B
699.0,,B
653.0,672.0,B
638.0,680.0,B
457.0,533.0,B
504.0,543.0,B
641.0,535.0,B
550.0,617.0,B
525.0,636.0,B
416.0,527.0,B
559.0,638.0,B
437.0,,B
577.0,437.0,B
558.0,622.0,B
680.0,,B
731.0,677.0,B
639.0,775.0,B
742.0,813.0,B
533.0,658.0,B
586.0,484.0,B
436.0,469.0,B
603.0,663.0,B
412.0,659.0,B
555.0,612.0,B
616.0,687.0,B
513.0,,B
404.0,436.0,B
713.0,650.0,B
928.0,676.0,B
388.0,548.0,B
757.0,634.0,B
639.0,580.0,B
433.0,574.0,B
502.0,631.0,B
650.0,674.0,B
478.0,545.0,B
624.0,704.0,B
529.0,559.0,B
660.0,608.0,B
654.0,608.0,B
572.0,678.0,B
398.0,547.0,B
549.0,657.0,B
694.0,556.0,B
560.0,526.0,B
452.0,512.0,B
706.0,727.0,B
485.0,,B
627.0,,B
609.0,673.0,B
476.0,609.0,B
673.0,677.0,B
748.0,668.0,B
786.0,662.0,B
563.0,404.0,B
515.0,444.0,B
509.0,488.0,B
684.0,765.0,B
644.0,578.0,B
592.0,635.0,B
620.0,732.0,B
530.0,545.0,B
611.0,588.0,B
516.0,,B
618.0,,B
702.0,775.0,B
712.0,,B
628.0,522.0,B
489.0,424.0,B
480.0,564.0,B
586.0,,B
385.0,369.0,B
613.0,648.0,B
652.0,549.0,B
673.0,688.0,B
522.0,443.0,B
537.0,585.0,B
656.0,741.0,B
775.0,666.0,B
584.0,,B
473.0,,B
585.0,526.0,B
572.0,573.0,B
519.0,569.0,B
603.0,,B
772.0,789.0,B
674.0,781.0,B
484.0,591.0,B
556.0,606.0,B
668.0,697.0,B
484.0,585.0,B
721.0,636.0,B
611.0,605.0,B
408.0,573.0,B
717.0,737.0,B
574.0,683.0,B
483.0,636.0,B
616.0,636.0,B
555.0,596.0,B
687.0,743.0,B
592.0,467.0,B
724.0,711.0,B
572.0,,B
742.0,763.0,B
596.0,,B
605.0,,B
575.0,622.0,B
508.0,463.0,B
907.0,727.0,B
677.0,709.0,B
687.0,791.0,B
430.0,621.0,B
810.0,,B
348.0,402.0,B
501.0,,B
531.0,529.0,B
621.0,,B
537.0,468.0,B
577.0,581.0,B
646.0,611.0,B
417.0,439.0,B
576.0,664.0,B
737.0,599.0,B
619.0,552.0,B
513.0,599.0,B
646.0,595.0,B
440.0,548.0,B
660.0,631.0,B
462.0,377.0,B
386.0,389.0,B
525.0,544.0,B
503.0,655.0,B
737.0,730.0,B
684.0,697.0,B
576.0,612.0,B
733.0,697.0,B
550.0,510.0,B
614.0,643.0,B
524.0,581.0,B
523.0,,B
586.0,664.0,B
501.0,476.0,B
632.0,557.0,B
699.0,561.0,B
633.0,624.0,B
657.0,659.0,B
649.0,624.0,B
666.0,544.0,B
686.0,513.0,B
624.0,501.0,B
629.0,562.0,B
592.0,,B
498.0,,B
644.0,542.0,B
712.0,774.0,B
552.0,575.0,B
475.0,539.0,B
685.0,569.0,B
661.0,581.0,B
622.0,,B
542.0,583.0,B
574.0,509.0,B
609.0,453.0,B
654.0,751.0,B
572.0,669.0,B
464.0,546.0,B
613.0,566.0,B
532.0,493.0,B
746.0,603.0,B
630.0,,B
523.0,535.0,B
598.0,592.0,B
519.0,499.0,B
642.0,572.0,B
746.0,,B
486.0,572.0,B
564.0,560.0,B
717.0,737.0,B
701.0,,B
663.0,597.0,B
718.0,535.0,B
481.0,529.0,B
675.0,761.0,B
621.0,570.0,B
552.0,475.0,B
448.0,481.0,B
527.0,580.0,B
639.0,597.0,B
629.0,494.0,B
555.0,,B
814.0,597.0,B
521.0,510.0,B
695.0,,B
547.0,625.0,B
631.0,,B
522.0,579.0,B
682.0,684.0,B
625.0,403.0,B
633.0,,B
584.0,711.0,B
667.0,690.0,B
843.0,637.0,B
864.0,,B
545.0,510.0,B
646.0,587.0,B
698.0,527.0,B
425.0,,B
685.0,599.0,B
764.0,657.0,B
444.0,569.0,B
637.0,735.0,B
777.0,692.0,B
593.0,,B
702.0,,B
549.0,,B
544.0,427.0,B
686.0,,B
599.0,551.0,B
667.0,651.0,B
464.0,400.0,B
603.0,571.0,B
608.0,691.0,B
667.0,552.0,B
773.0,721.0,B
556.0,610.0,B
755.0,716.0,B
536.0,559.0,B
585.0,584.0,B
525.0,447.0,B
689.0,618.0,B
556.0,597.0,B
548.0,621.0,B
685.0,,B
615.0,760.0,B
666.0,542.0,B
555.0,492.0,B
629.0,503.0,B
695.0,771.0,B
620.0,681.0,B
597.0,620.0,B
653.0,618.0,B
695.0,689.0,B
609.0,518.0,B
499.0,654.0,B
665.0,,B
608.0,585.0,B
673.0,595.0,B
588.0,566.0,B
501.0,747.0,B
620.0,548.0,B
641.0,722.0,B
637.0,651.0,B
854.0,737.0,B
713.0,720.0,B
531.0,636.0,B
708.0,658.0,B
635.0,626.0,B
602.0,634.0,B
739.0,673.0,B
600.0,709.0,B
489.0,519.0,B
658.0,651.0,B
625.0,636.0,B
591.0,558.0,B
592.0,449.0,B
663.0,676.0,B
615.0,735.0,B
751.0,605.0,B
578.0,,B
546.0,628.0,B
727.0,612.0,B
629.0,756.0,B
821.0,874.0,B
584.0,,B
621.0,539.0,B
688.0,,B
495.0,473.0,B
590.0,571.0,B
589.0,591.0,B
629.0,607.0,B
702.0,715.0,B
570.0,407.0,B
596.0,528.0,B
452.0,,B
712.0,786.0,B
577.0,494.0,B
718.0,818.0,B
730.0,643.0,B
734.0,683.0,B
537.0,486.0,B
545.0,,B
464.0,489.0,B
579.0,594.0,B
473.0,599.0,B
424.0,375.0,B
559.0,513.0,B
659.0,669.0,B
497.0,623.0,B
714.0,792.0,B
670.0,624.0,B
597.0,700.0,B
693.0,,B
510.0,432.0,B
653.0,,B
508.0,496.0,B
650.0,664.0,B
766.0,848.0,B
558.0,572.0,B
570.0,684.0,B
672.0,654.0,B
542.0,648.0,B
578.0,482.0,B
767.0,620.0,B
448.0,443.0,B
696.0,761.0,B
670.0,584.0,B
533.0,637.0,B
630.0,669.0,B
711.0,655.0,B
514.0,511.0,B
875.0,862.0,B
773.0,,B
458.0,,B
483.0,366.0,B
717.0,748.0,B
476.0,449.0,B
669.0,735.0,B
818.0,629.0,B
479.0,,B
611.0,729.0,B
541.0,527.0,B
631.0,750.0,B
487.0,624.0,B
542.0,518.0,B
591.0,633.0,B
615.0,,B
729.0,,B
700.0,624.0,B
486.0,544.0,B
625.0,687.0,B
545.0,,B
594.0,599.0,B
635.0,556.0,B
558.0,507.0,B
489.0,429.0,B
505.0,474.0,B
645.0,748.0,B
660.0,735.0,B
504.0,,B
558.0,549.0,B
461.0,636.0,B
698.0,640.0,B
570.0,603.0,B
693.0,679.0,B
573.0,486.0,B
417.0,,B
561.0,505.0,B
695.0,579.0,B
552.0,,B
659.0,738.0,B
244.0,374.0,B
561.0,558.0,B
631.0,656.0,B
730.0,588.0,B
549.0,526.0,B
667.0,681.0,B
533.0,653.0,B
626.0,500.0,B
539.0,503.0,B
698.0,602.0,B
648.0,709.0,B
506.0,716.0,B
709.0,744.0,B
549.0,548.0,B
729.0,722.0,B
545.0,473.0,B
590.0,633.0,B
680.0,638.0,B
589.0,491.0,B
402.0,,B
511.0,570.0,B
516.0,658.0,B
652.0,689.0,B
644.0,622.0,B
811.0,692.0,B
815.0,659.0,B
697.0,687.0,B
526.0,742.0,B
788.0,745.0,B
749.0,811.0,B
701.0,605.0,B
615.0,627.0,B
437.0,484.0,B
835.0,501.0,B
619.0,508.0,B
397.0,609.0,B
655.0,631.0,B
267.0,155.0,B
659.0,606.0,B
522.0,665.0,B
708.0,,B
516.0,462.0,B
645.0,537.0,B
752.0,748.0,B
636.0,,B
759.0,808.0,B
451.0,491.0,B
593.0,,B
683.0,600.0,B
776.0,671.0,B
610.0,661.0,B
764.0,507.0,B
641.0,595.0,B
538.0,515.0,B
613.0,540.0,B
751.0,665.0,B
608.0,599.0,B
565.0,650.0,B
646.0,639.0,B
738.0,670.0,B
513.0,,B
521.0,532.0,B
658.0,560.0,B
668.0,,B
346.0,574.0,B
580.0,556.0,B
634.0,632.0,B
447.0,,B
657.0,511.0,B
529.0,499.0,B
510.0,627.0,B
765.0,605.0,B
573.0,504.0,B
554.0,464.0,B
562.0,672.0,B
671.0,555.0,B
641.0,661.0,B
483.0,563.0,B
644.0,600.0,B
588.0,569.0,B
568.0,,B
656.0,624.0,B
627.0,619.0,B
513.0,518.0,B
743.0,803.0,B
580.0,574.0,B
477.0,609.0,B
772.0,659.0,B
592.0,488.0,B
599.0,671.0,B
672.0,661.0,B
585.0,677.0,B
611.0,591.0,B
751.0,656.0,B
591.0,,B
505.0,523.0,B
726.0,808.0,B
667.0,825.0,B
596.0,600.0,B
572.0,446.0,B
682.0,778.0,B
472.0,,B
515.0,501.0,B
400.0,606.0,B
489.0,662.0,B
731.0,658.0,B
575.0,616.0,B
667.0,521.0,B
700.0,672.0,B
692.0,592.0,B
653.0,,B
419.0,,B
702.0,509.0,B
681.0,529.0,B
415.0,448.0,B
648.0,634.0,B
408.0,,B
577.0,646.0,B
733.0,797.0,B
609.0,827.0,B
735.0,745.0,B
655.0,695.0,B
671.0,633.0,B
550.0,551.0,B
760.0,676.0,B
441.0,509.0,B
617.0,,B
674.0,583.0,B
528.0,552.0,B
708.0,,B
524.0,541.0,B
462.0,,B
647.0,533.0,B
598.0,645.0,B
619.0,532.0,B
745.0,633.0,B
555.0,587.0,B
623.0,553.0,B
519.0,274.0,B
464.0,464.0,B
637.0,540.0,B
669.0,635.0,B
499.0,569.0,B
803.0,759.0,B
762.0,596.0,B
680.0,,B
590.0,600.0,B
794.0,583.0,B
673.0,642.0,B
684.0,643.0,B
489.0,640.0,B
561.0,607.0,B
633.0,651.0,B
555.0,476.0,B
503.0,500.0,B
578.0,,B
480.0,496.0,B
553.0,508.0,B
625.0,604.0,B
556.0,387.0,B
595.0,584.0,B
449.0,583.0,B
474.0,589.0,B
666.0,679.0,B
562.0,371.0,B
455.0,540.0,B
566.0,600.0,B
638.0,618.0,B
452.0,495.0,B
660.0,605.0,B
541.0,440.0,B
449.0,598.0,B
596.0,485.0,B
773.0,710.0,B
647.0,589.0,B
616.0,561.0,B
682.0,681.0,B
360.0,395.0,B
639.0,649.0,B
492.0,446.0,B
556.0,548.0,B
502.0,513.0,B
622.0,606.0,B
429.0,472.0,B
713.0,,B
718.0,534.0,B
517.0,564.0,B
739.0,,B
728.0,829.0,B
754.0,,B
536.0,558.0,B
642.0,520.0,B
731.0,631.0,B
602.0,606.0,B
524.0,574.0,B
726.0,744.0,B
465.0,572.0,B
671.0,698.0,B
723.0,645.0,B
589.0,471.0,B
717.0,548.0,B
580.0,479.0,B
673.0,608.0,B
723.0,728.0,B
554.0,466.0,B
545.0,655.0,B
602.0,663.0,B
591.0,513.0,B
653.0,565.0,B
659.0,573.0,B
612.0,561.0,B
679.0,506.0,B
474.0,467.0,B
699.0,,B
570.0,599.0,B
779.0,732.0,B
796.0,,B
575.0,677.0,B
518.0,440.0,B
645.0,642.0,B
637.0,723.0,B
633.0,613.0,B
540.0,561.0,B
558.0,,B
561.0,564.0,B
795.0,804.0,B
479.0,555.0,B
696.0,727.0,B
526.0,438.0,B
502.0,519.0,B
659.0,680.0,B
595.0,555.0,B
733.0,772.0,B
458.0,392.0,B
538.0,591.0,B
717.0,614.0,B
402.0,551.0,B
787.0,727.0,B
617.0,605.0,B
498.0,504.0,B
511.0,524.0,B
550.0,582.0,B
581.0,,B
658.0,747.0,B
640.0,665.0,B
645.0,747.0,B
822.0,680.0,B
529.0,,B
502.0,465.0,B
698.0,598.0,B
610.0,534.0,B
692.0,705.0,B
602.0,607.0,B
517.0,382.0,B
550.0,,B
807.0,623.0,B
517.0,476.0,B
589.0,573.0,B
470.0,,B
624.0,573.0,B
634.0,604.0,B
386.0,414.0,B
471.0,,B
740.0,583.0,B
685.0,678.0,B
598.0,,B
549.0,686.0,B
515.0,586.0,B
474.0,435.0,B
533.0,421.0,B
681.0,703.0,B
528.0,636.0,B
454.0,442.0,B
711.0,673.0,B
456.0,396.0,B
653.0,746.0,B
545.0,533.0,B
727.0,563.0,B
457.0,547.0,B
712.0,577.0,B
571.0,654.0,B
731.0,626.0,B
678.0,642.0,B
792.0,708.0,B
689.0,544.0,B
519.0,652.0,B
558.0,653.0,B
617.0,,B
771.0,682.0,B
619.0,609.0,B
739.0,680.0,B
558.0,584.0,B
533.0,465.0,B
749.0,777.0,B
622.0,630.0,B
609.0,566.0,B
564.0,402.0,B
591.0,617.0,B
527.0,568.0,B
750.0,626.0,B
859.0,849.0,B
629.0,,B
513.0,634.0,B
499.0,542.0,B
746.0,611.0,B
455.0,,B
596.0,627.0,B
663.0,489.0,B
659.0,621.0,B
566.0,600.0,B
414.0,461.0,B
535.0,359.0,B
653.0,482.0,B
558.0,492.0,B
533.0,,B
652.0,684.0,B
434.0,591.0,B
577.0,486.0,B
727.0,616.0,B
523.0,584.0,B
729.0,726.0,B
529.0,602.0,B
467.0,619.0,B
466.0,495.0,B
619.0,659.0,B
538.0,524.0,B
448.0,450.0,B
620.0,604.0,B
600.0,540.0,B
536.0,644.0,B
594.0,428.0,B
655.0,671.0,B
576.0,,B
538.0,525.0,B
470.0,528.0,B
508.0,523.0,B
597.0,494.0,B
733.0,722.0,B
412.0,484.0,B
703.0,606.0,B
501.0,,B
593.0,620.0,B
681.0,659.0,B
523.0,534.0,B
676.0,628.0,B
635.0,585.0,B
551.0,572.0,B
605.0,605.0,B
601.0,,B
674.0,,B
656.0,647.0,B
565.0,463.0,B
692.0,489.0,B
633.0,,B
638.0,589.0,B
654.0,674.0,B
537.0,639.0,B
650.0,541.0,B
501.0,479.0,B
428.0,438.0,B
601.0,599.0,B
647.0,588.0,B
485.0,514.0,B
525.0,670.0,B
767.0,,B
489.0,408.0,B
707.0,663.0,B
722.0,701.0,B
707.0,706.0,B
670.0,608.0,B
664.0,731.0,B
792.0,826.0,B
597.0,,B
689.0,556.0,B
596.0,747.0,B
600.0,567.0,B
622.0,518.0,B
708.0,588.0,B
685.0,643.0,B
632.0,532.0,B
683.0,642.0,B
606.0,,B
493.0,497.0,B
644.0,730.0,B
524.0,467.0,B
592.0,576.0,B
798.0,793.0,B
602.0,541.0,B
643.0,616.0,B
560.0,667.0,B
683.0,581.0,B
717.0,732.0,B
515.0,589.0,B
560.0,763.0,B
524.0,535.0,B
546.0,512.0,B
691.0,644.0,B
608.0,621.0,B
654.0,837.0,B
497.0,454.0,B
478.0,471.0,B
485.0,580.0,B
541.0,464.0,B
646.0,646.0,B
703.0,603.0,B
768.0,824.0,B
554.0,513.0,B
488.0,533.0,B
598.0,,B
539.0,528.0,B
616.0,718.0,B
441.0,345.0,B
393.0,397.0,B
758.0,723.0,B
718.0,,B
410.0,520.0,B
574.0,622.0,B
464.0,515.0,B
602.0,,B
453.0,433.0,B
603.0,691.0,B
375.0,389.0,B
534.0,,B
512.0,483.0,B
763.0,663.0,B
583.0,652.0,B
764.0,712.0,B
762.0,537.0,B
686.0,660.0,B
623.0,628.0,B
736.0,797.0,B
464.0,488.0,B
688.0,551.0,B
606.0,534.0,B
620.0,537.0,B
504.0,456.0,B
659.0,551.0,B
629.0,648.0,B
584.0,677.0,B
751.0,707.0,B
427.0,,B
533.0,478.0,B
733.0,711.0,B
439.0,523.0,B
608.0,,B
741.0,764.0,B
507.0,509.0,B
491.0,,B
614.0,648.0,B
597.0,646.0,B
576.0,672.0,B
655.0,,B
630.0,500.0,B
529.0,496.0,B
678.0,646.0,B
457.0,463.0,B
526.0,598.0,B
582.0,,B
622.0,,B
528.0,606.0,B
563.0,607.0,B
668.0,647.0,B
534.0,606.0,B
545.0,528.0,B
648.0,591.0,B
701.0,682.0,B
442.0,497.0,B
701.0,605.0,B
543.0,383.0,B
629.0,,B
445.0,454.0,B
709.0,665.0,B
608.0,508.0,B
642.0,677.0,B
493.0,686.0,B
800.0,628.0,B
546.0,400.0,B
674.0,680.0,B
553.0,,B
466.0,546.0,B
591.0,597.0,B
592.0,633.0,B
597.0,645.0,B
613.0,499.0,B
739.0,667.0,B
567.0,513.0,B
420.0,504.0,B
646.0,,B
574.0,593.0,B
619.0,584.0,B
504.0,576.0,B
426.0,400.0,B
494.0,642.0,B
625.0,430.0,B
551.0,533.0,B
608.0,660.0,B
566.0,441.0,B
451.0,451.0,B
690.0,634.0,B
529.0,724.0,B
583.0,535.0,B
471.0,631.0,B
490.0,450.0,B
527.0,580.0,B
519.0,516.0,B
456.0,484.0,B
538.0,461.0,B
459.0,424.0,B
534.0,654.0,B
549.0,483.0,B
592.0,,B
644.0,787.0,B
640.0,626.0,B
835.0,,B
703.0,,B
477.0,545.0,B
626.0,641.0,B
632.0,,B
558.0,495.0,B
639.0,583.0,B
858.0,,B
635.0,657.0,B
729.0,654.0,B
610.0,713.0,B
628.0,650.0,B
652.0,698.0,B
573.0,555.0,B
609.0,502.0,B
633.0,603.0,B
657.0,,B
927.0,,B
658.0,620.0,B
360.0,363.0,B
505.0,437.0,B
443.0,570.0,B
570.0,,B
742.0,601.0,B
566.0,946.0,B
537.0,565.0,B
487.0,560.0,B
420.0,515.0,B
851.0,792.0,B
746.0,671.0,B
393.0,495.0,B
642.0,741.0,B
643.0,634.0,B
639.0,,B
729.0,,B
643.0,631.0,B
494.0,581.0,B
540.0,540.0,B
666.0,,B
558.0,447.0,B
671.0,535.0,B
694.0,,B
609.0,511.0,B
707.0,565.0,B
664.0,674.0,B
380.0,467.0,B
555.0,,B
534.0,495.0,B
770.0,,B
422.0,456.0,B
603.0,840.0,B
637.0,544.0,B
503.0,,B
489.0,677.0,B
815.0,688.0,B
809.0,697.0,B
523.0,597.0,B
635.0,713.0,B
659.0,649.0,B
467.0,592.0,B
570.0,700.0,B
401.0,274.0,B
404.0,427.0,B
583.0,373.0,B
462.0,,B
767.0,745.0,B
357.0,,B
706.0,573.0,B
584.0,619.0,B
477.0,565.0,B
613.0,523.0,B
590.0,693.0,B
489.0,,B
470.0,427.0,B
662.0,632.0,B
551.0,751.0,B
407.0,424.0,B
580.0,601.0,B
622.0,637.0,B
533.0,,B
466.0,,B
789.0,733.0,B
473.0,354.0,B
555.0,,B
606.0,493.0,B
393.0,396.0,B
673.0,598.0,B
664.0,818.0,B
623.0,556.0,B
605.0,656.0,B
615.0,613.0,B
521.0,541.0,B
618.0,787.0,B
636.0,725.0,B
722.0,765.0,B
474.0,655.0,B
790.0,775.0,B
672.0,587.0,B
718.0,686.0,B
653.0,633.0,B
733.0,707.0,B
535.0,651.0,B
585.0,,B
539.0,,B
570.0,596.0,B
382.0,513.0,B
608.0,584.0,B
576.0,650.0,B
601.0,554.0,B
678.0,661.0,B
801.0,750.0,B
724.0,659.0,B
595.0,658.0,B
693.0,765.0,B
590.0,426.0,B
533.0,459.0,B
441.0,541.0,B
487.0,469.0,B
461.0,366.0,B
440.0,434.0,B
684.0,550.0,B
643.0,745.0,B
686.0,612.0,B
651.0,625.0,B
499.0,438.0,B
610.0,654.0,B
560.0,497.0,B
421.0,397.0,B
516.0,638.0,B
623.0,579.0,B
637.0,553.0,B
619.0,,B
587.0,,B
451.0,425.0,B
619.0,501.0,B
401.0,429.0,B
525.0,552.0,B
528.0,598.0,B
706.0,706.0,B
449.0,499.0,B
426.0,,B
725.0,616.0,B
546.0,630.0,B
491.0,576.0,B
636.0,606.0,B
441.0,516.0,B
465.0,398.0,B
821.0,652.0,B
407.0,439.0,B
683.0,650.0,B
509.0,,B
580.0,647.0,B
470.0,361.0,B
587.0,638.0,B
692.0,,B
590.0,612.0,B
436.0,393.0,B
679.0,522.0,B
633.0,596.0,B
465.0,590.0,B
666.0,531.0,B
606.0,667.0,B
741.0,,B
709.0,,B
534.0,664.0,B
579.0,593.0,B
605.0,498.0,B
595.0,514.0,B
683.0,687.0,B
643.0,538.0,B
608.0,626.0,B
471.0,547.0,B
633.0,563.0,B
534.0,549.0,B
804.0,718.0,B
798.0,695.0,B
647.0,765.0,B
516.0,537.0,B
710.0,734.0,B
488.0,463.0,B
840.0,486.0,B
419.0,498.0,B
624.0,590.0,B
762.0,656.0,B
603.0,,B
674.0,607.0,B
522.0,609.0,B
593.0,448.0,B
669.0,658.0,B
508.0,,B
627.0,664.0,B
514.0,690.0,B
790.0,740.0,B
581.0,608.0,B
705.0,,B
632.0,720.0,B
665.0,642.0,B
609.0,,B
452.0,488.0,B
680.0,674.0,B
377.0,453.0,B
559.0,593.0,B
954.0,728.0,B
713.0,526.0,B
667.0,678.0,B
798.0,737.0,B
620.0,526.0,B
529.0,,B
667.0,628.0,B
565.0,656.0,B
552.0,544.0,B
495.0,541.0,B
661.0,563.0,B
495.0,486.0,B
861.0,717.0,B
629.0,735.0,B
722.0,588.0,B
613.0,565.0,B
705.0,721.0,B
590.0,734.0,B
644.0,575.0,B
656.0,,B
687.0,620.0,B
486.0,393.0,B
670.0,647.0,B
533.0,616.0,B
687.0,633.0,B
549.0,530.0,B
620.0,561.0,B
555.0,608.0,B
603.0,573.0,B
639.0,538.0,B
691.0,624.0,B
727.0,,B
587.0,608.0,B
592.0,593.0,B
716.0,750.0,B
414.0,,B
626.0,548.0,B
627.0,737.0,B
520.0,504.0,B
677.0,722.0,B
554.0,477.0,B
555.0,706.0,B
735.0,799.0,B
572.0,638.0,B
484.0,525.0,B
485.0,535.0,B
448.0,,B
681.0,605.0,B
494.0,458.0,B
334.0,401.0,B
684.0,,B
562.0,656.0,B
632.0,748.0,B
607.0,529.0,B
653.0,587.0,B
596.0,549.0,B
559.0,544.0,B
561.0,584.0,B
534.0,494.0,B
739.0,618.0,B
533.0,501.0,B
585.0,,B
601.0,542.0,B
485.0,296.0,B
411.0,442.0,B
650.0,678.0,B
558.0,,B
606.0,691.0,B
703.0,787.0,B
508.0,649.0,B
692.0,698.0,B
741.0,644.0,B
597.0,478.0,B
714.0,759.0,B
726.0,779.0,B
774.0,,B
837.0,741.0,B
703.0,898.0,B
637.0,646.0,B
577.0,688.0,B
648.0,564.0,B
516.0,600.0,B
767.0,743.0,B
724.0,582.0,B
629.0,510.0,B
589.0,,B
506.0,,B
425.0,448.0,B
733.0,687.0,B
505.0,658.0,B
658.0,836.0,B
362.0,456.0,B
567.0,582.0,B
703.0,594.0,B
608.0,560.0,B
616.0,,B
524.0,558.0,B
648.0,587.0,B
569.0,564.0,B
575.0,332.0,B
675.0,,B
676.0,464.0,B
545.0,641.0,B
693.0,786.0,B
682.0,609.0,B
578.0,570.0,B
337.0,462.0,B
533.0,505.0,B
664.0,624.0,B
675.0,505.0,B
567.0,,B
718.0,767.0,B
692.0,654.0,B
466.0,544.0,B
701.0,714.0,B
808.0,783.0,B
648.0,629.0,B
757.0,748.0,B
879.0,654.0,B
532.0,471.0,B
585.0,485.0,B
429.0,492.0,B
505.0,425.0,B
513.0,604.0,B
666.0,,B
640.0,603.0,B
586.0,725.0,B
630.0,626.0,B
526.0,502.0,B
541.0,499.0,B
521.0,585.0,B
690.0,,B
639.0,531.0,B
621.0,645.0,B
534.0,585.0,B
840.0,753.0,B
726.0,687.0,B
607.0,400.0,B
509.0,537.0,B
389.0,435.0,B
534.0,547.0,B
510.0,417.0,B
556.0,703.0,B
648.0,668.0,B
581.0,,B
618.0,727.0,B
595.0,441.0,B
430.0,605.0,B
694.0,,B
652.0,520.0,B
592.0,530.0,B
629.0,649.0,B
613.0,538.0,B
515.0,690.0,B
530.0,434.0,B
652.0,,B
600.0,599.0,B
474.0,578.0,B
559.0,491.0,B
598.0,584.0,B
684.0,,B
637.0,663.0,B
468.0,459.0,B
602.0,583.0,B
578.0,559.0,B
551.0,553.0,B
665.0,692.0,B
581.0,586.0,B
747.0,,B
513.0,435.0,B
663.0,588.0,B
584.0,514.0,B
447.0,398.0,B
575.0,,B
699.0,623.0,B
248.0,529.0,B
548.0,479.0,B
523.0,478.0,B
596.0,617.0,B
656.0,625.0,B
660.0,,B
456.0,507.0,B
665.0,,B
546.0,541.0,B
460.0,465.0,B
570.0,356.0,B
664.0,590.0,B
498.0,722.0,B
647.0,679.0,B
535.0,603.0,B
668.0,680.0,B
639.0,621.0,B
641.0,544.0,B
764.0,,B
640.0,662.0,B
586.0,693.0,B
426.0,532.0,B
663.0,748.0,B
484.0,558.0,B
504.0,526.0,B
540.0,585.0,B
576.0,629.0,B
515.0,480.0,B
634.0,760.0,B
648.0,592.0,B
556.0,602.0,B
496.0,522.0,B
645.0,589.0,B
555.0,656.0,B
620.0,675.0,B
667.0,541.0,B
709.0,766.0,B
592.0,491.0,B
607.0,512.0,B
611.0,496.0,B
640.0,565.0,B
646.0,635.0,B
562.0,,B
661.0,608.0,B
743.0,,B
580.0,501.0,B
446.0,,B
485.0,519.0,B
654.0,723.0,B
495.0,554.0,B
575.0,544.0,B
500.0,596.0,B
665.0,613.0,B
795.0,838.0,B
664.0,662.0,B
543.0,,B
626.0,555.0,B
579.0,632.0,B
462.0,657.0,B
848.0,803.0,B
476.0,475.0,B
538.0,474.0,B
541.0,653.0,B
641.0,700.0,B
592.0,555.0,B
807.0,822.0,B
733.0,801.0,B
645.0,660.0,B
603.0,673.0,B
508.0,491.0,B
418.0,402.0,B
653.0,505.0,B
612.0,721.0,B
683.0,623.0,B
577.0,716.0,B
744.0,558.0,B
532.0,561.0,B
567.0,,B
523.0,,B
731.0,,B
481.0,,B
652.0,564.0,B
543.0,501.0,B
702.0,671.0,B
602.0,549.0,B
624.0,,B
576.0,433.0,B
575.0,466.0,B
742.0,689.0,B
582.0,632.0,B
478.0,,B
815.0,653.0,B
547.0,545.0,B
575.0,665.0,B
682.0,500.0,B
607.0,713.0,B
574.0,630.0,B
627.0,671.0,B
782.0,629.0,B
448.0,408.0,B
498.0,626.0,B
692.0,,B
670.0,621.0,B
649.0,468.0,B
515.0,560.0,B
511.0,494.0,B
712.0,720.0,B
763.0,556.0,B
437.0,387.0,B
603.0,,B
683.0,580.0,B
679.0,636.0,B
658.0,,B
669.0,597.0,B
543.0,533.0,B
409.0,503.0,B
426.0,516.0,B
627.0,528.0,B
718.0,678.0,B
544.0,522.0,B
824.0,719.0,B
465.0,506.0,B
659.0,716.0,B
642.0,919.0,B
489.0,,B
447.0,540.0,B
629.0,595.0,B
650.0,733.0,B
513.0,643.0,B
740.0,663.0,B
599.0,,B
537.0,613.0,B
713.0,642.0,B
611.0,537.0,B
385.0,503.0,B
531.0,585.0,B
600.0,618.0,B
732.0,788.0,B
469.0,397.0,B
516.0,601.0,B
548.0,,B
588.0,626.0,B
519.0,492.0,B
638.0,,B
532.0,,B
694.0,,B
567.0,494.0,B
707.0,,B
814.0,843.0,B
631.0,806.0,B
728.0,617.0,B
861.0,838.0,B
749.0,634.0,B
773.0,742.0,B
468.0,609.0,B
563.0,475.0,B
575.0,554.0,B
392.0,452.0,B
733.0,590.0,B
433.0,448.0,B
756.0,672.0,B
786.0,724.0,B
838.0,878.0,B
811.0,844.0,B
730.0,800.0,B
520.0,538.0,B
559.0,562.0,B
594.0,,B
675.0,499.0,B
746.0,608.0,B
524.0,591.0,B
594.0,695.0,B
765.0,775.0,B
413.0,410.0,B
629.0,587.0,B
727.0,581.0,B
685.0,,B
355.0,532.0,B
587.0,604.0,B
592.0,787.0,B
395.0,,B
686.0,498.0,B
696.0,716.0,B
570.0,633.0,B
521.0,,B
697.0,628.0,B
585.0,,B
574.0,542.0,B
695.0,592.0,B
771.0,798.0,B
605.0,682.0,B
755.0,725.0,B
598.0,543.0,B
632.0,697.0,B
441.0,483.0,B
596.0,566.0,B
611.0,654.0,B
728.0,666.0,B
544.0,543.0,B
586.0,640.0,B
616.0,,B
642.0,730.0,B
596.0,658.0,B
505.0,540.0,B
757.0,704.0,B
626.0,500.0,B
645.0,670.0,B
671.0,875.0,B
504.0,502.0,B
659.0,713.0,B
711.0,728.0,B
652.0,648.0,B
484.0,518.0,B
625.0,528.0,B
659.0,,B
559.0,404.0,B
572.0,489.0,B
488.0,542.0,B
682.0,,B
792.0,847.0,B
677.0,,B
669.0,696.0,B
809.0,642.0,B
543.0,573.0,B
630.0,618.0,B
596.0,663.0,B
634.0,572.0,B
588.0,522.0,B
606.0,454.0,B
611.0,578.0,B
606.0,594.0,B
649.0,748.0,B
675.0,488.0,B
488.0,356.0,B
564.0,341.0,B
652.0,659.0,B
699.0,618.0,B
508.0,,B
600.0,597.0,B
649.0,,B
811.0,780.0,B
571.0,592.0,B
614.0,731.0,B
699.0,737.0,B
514.0,586.0,B
822.0,744.0,B
571.0,553.0,B
549.0,580.0,B
615.0,491.0,B
631.0,568.0,B
676.0,722.0,B
715.0,647.0,B
742.0,774.0,B
710.0,706.0,B
577.0,653.0,B
487.0,500.0,B
655.0,782.0,B
464.0,428.0,B
526.0,632.0,B
413.0,505.0,B
587.0,559.0,B
684.0,650.0,B
486.0,452.0,B
689.0,625.0,B
547.0,448.0,B
617.0,670.0,B
699.0,687.0,B
566.0,543.0,B
658.0,589.0,B
744.0,639.0,B
582.0,611.0,B
605.0,464.0,B
544.0,,B
640.0,598.0,B
860.0,739.0,B
627.0,583.0,B
652.0,610.0,B
329.0,458.0,B
602.0,618.0,B
513.0,553.0,B
487.0,600.0,B
628.0,679.0,B
758.0,634.0,B
586.0,612.0,B
698.0,791.0,B
664.0,686.0,B
