user_id,views,contacts,last_7_views,last_3_views,last_7_contacts,last_3_contacts,live_days,messages_events,max_views_delta,add_to_favor_events,is_bought
151042503,84,2,84,39,2,2,8,0,6,0.0,0
151212422,95,0,95,36,0,0,8,0,7,0.0,0
151206815,118,3,118,40,3,2,8,0,2,0.0,0
151284254,11,0,11,2,0,0,7,0,8,0.0,0
151088604,48,2,48,8,2,0,8,0,1,0.0,0
150999609,82,0,82,8,0,0,8,0,3,0.0,0
151004829,358,8,358,139,8,3,8,0,8,0.0,0
151080266,62,0,62,17,0,0,8,0,3,0.0,0
151075531,61,3,61,19,3,0,8,0,1,0.0,0
151276320,148,1,148,25,1,0,8,0,4,0.0,0
151158885,74,2,74,17,2,0,8,0,4,0.0,0
151114432,28,1,28,7,1,0,8,0,7,0.0,0
150984898,73,1,73,6,1,1,8,0,20,0.0,0
151044438,71,2,71,25,2,1,8,0,9,0.0,0
151205252,89,0,89,26,0,0,8,0,3,0.0,0
151052438,54,1,54,21,1,0,8,0,7,0.0,0
151107182,139,0,139,34,0,0,8,0,2,0.0,0
150970515,130,2,130,38,2,0,8,0,9,0.0,0
150940839,88,1,88,14,1,0,8,0,7,0.0,0
150951292,14,1,14,3,1,0,8,0,8,0.0,0
151218466,166,1,166,54,1,0,7,0,8,0.0,0
151546682,15,0,15,15,0,0,2,0,12,0.0,0
151194016,97,0,97,24,0,0,8,0,3,0.0,0
151238109,75,2,75,14,2,0,8,0,2,0.0,0
151011602,809,8,809,231,8,5,8,0,17,0.0,0
151351126,103,1,103,29,1,0,7,0,0,0.0,0
151273105,92,0,92,27,0,0,8,0,2,0.0,0
151187884,28,2,28,28,2,2,4,0,12,0.0,0
151052943,58,2,58,5,2,1,8,0,2,0.0,0
151012404,46,6,46,10,6,1,8,0,22,0.0,0
151331214,7,0,7,7,0,0,2,0,6,0.0,0
150981114,151,1,151,35,1,0,8,0,0,0.0,0
151107846,536,2,536,127,2,0,8,0,2,0.0,0
151159837,189,1,189,53,1,1,8,0,2,0.0,0
151020452,262,2,262,72,2,0,8,0,11,0.0,0
151035606,221,0,221,65,0,0,8,0,8,0.0,0
151177958,50,0,50,8,0,0,8,0,3,0.0,0
145339378,107,0,107,32,0,0,8,0,7,0.0,0
151280548,373,3,373,119,3,1,7,0,16,0.0,0
151063494,171,4,171,35,4,2,8,0,1,0.0,0
150963573,474,1,474,136,1,0,8,0,12,0.0,0
151053891,194,4,194,87,4,2,8,0,6,0.0,0
151299050,156,6,156,28,6,2,7,0,59,0.0,0
151242057,909,23,909,341,23,6,8,0,5,0.0,0
151261421,100,2,100,23,2,2,8,0,4,0.0,0
150965590,261,0,261,40,0,0,8,0,3,0.0,0
151225947,390,2,390,139,2,1,8,0,9,0.0,0
151256859,22,0,22,2,0,0,8,0,5,0.0,0
151009526,74,0,74,10,0,0,8,0,1,0.0,0
151014669,17,1,17,7,1,1,8,0,3,0.0,0
151000264,83,4,83,22,4,0,8,0,3,0.0,0
150986956,107,1,107,22,1,1,8,0,5,0.0,0
151085112,146,2,146,35,2,1,8,1,5,0.0,0
151006327,162,0,162,52,0,0,8,1,0,0.0,0
151257545,82,0,82,27,0,0,8,1,13,0.0,0
151260678,264,1,264,114,1,0,8,1,15,0.0,0
151207419,163,1,163,50,1,0,8,1,8,0.0,0
151255239,147,1,147,43,1,0,8,1,3,0.0,0
151104933,172,7,172,32,7,0,8,1,2,0.0,0
151172556,134,4,134,26,4,1,8,1,4,0.0,0
151081340,89,0,89,13,0,0,8,1,0,0.0,0
151018337,66,6,66,23,6,4,8,1,7,0.0,0
151042745,53,1,53,23,1,0,8,1,3,0.0,0
151264533,246,1,246,71,1,1,8,1,12,0.0,0
151243271,147,2,147,48,2,1,8,1,0,0.0,0
151052016,57,0,57,5,0,0,8,1,1,0.0,0
151083003,138,0,138,55,0,0,8,1,0,0.0,0
151068633,190,0,190,46,0,0,8,1,0,0.0,0
151223126,93,1,93,20,1,0,8,1,5,0.0,0
151017203,85,3,85,13,3,0,8,1,2,0.0,0
151020657,173,11,173,57,11,1,8,1,11,0.0,0
151050229,423,1,423,136,1,0,8,1,1,0.0,0
151331841,312,1,312,74,1,1,8,1,9,0.0,0
151068068,85,0,85,16,0,0,8,1,0,0.0,0
151591405,84,1,84,84,1,1,2,1,64,0.0,0
151247173,137,8,137,57,8,7,8,1,14,0.0,0
150960720,148,2,148,51,2,2,8,1,3,0.0,0
151326495,180,1,180,146,1,1,5,1,58,0.0,0
151513727,57,3,57,57,3,3,1,1,57,0.0,0
151064564,249,5,249,72,5,2,8,1,9,0.0,0
151209911,167,3,167,44,3,2,8,1,8,0.0,0
151037891,31,8,31,13,8,4,8,1,4,0.0,0
150936321,402,1,402,114,1,0,8,1,11,0.0,0
150984553,284,9,284,135,9,6,8,1,17,0.0,0
151051532,226,3,226,70,3,1,8,2,6,0.0,0
151170737,111,2,111,32,2,0,8,2,14,0.0,0
151089842,80,0,80,10,0,0,8,2,2,0.0,0
151307173,171,0,171,38,0,0,8,2,2,0.0,0
151007368,124,6,124,42,6,6,8,2,4,0.0,0
150974636,163,6,163,49,6,3,8,2,3,0.0,0
150990435,222,8,222,110,8,3,8,2,14,0.0,0
151008250,622,8,622,203,8,2,8,2,12,0.0,0
151418084,141,3,141,70,3,3,5,2,71,0.0,0
151474311,34,0,34,34,0,0,3,2,11,0.0,0
151308732,112,0,112,38,0,0,8,2,11,0.0,0
150979559,389,6,389,139,6,2,8,2,6,0.0,0
151143009,419,5,419,315,5,5,5,2,104,0.0,0
151107459,535,2,535,347,2,2,5,2,3,0.0,0
151042323,139,7,139,45,7,0,7,2,8,0.0,0
151086983,29,0,29,4,0,0,8,2,0,0.0,0
151434462,66,2,66,66,2,2,2,2,31,0.0,0
150968301,246,8,246,42,8,5,8,2,1,0.0,0
150962042,155,2,155,56,2,1,8,2,1,0.0,0
150939757,34,0,34,6,0,0,8,2,16,0.0,0
150984101,70,9,70,22,9,2,8,2,10,0.0,0
151064572,846,11,846,257,11,9,8,2,17,0.0,0
151022226,180,5,180,29,5,0,8,2,4,0.0,0
151168715,213,1,213,48,1,1,8,2,2,0.0,0
150943043,395,1,395,103,1,1,8,2,-1,0.0,0
151298757,121,1,121,37,1,0,8,2,6,0.0,0
151217696,310,0,310,53,0,0,8,2,4,0.0,0
151080574,691,2,691,182,2,2,8,2,-1,0.0,0
151397990,180,0,180,180,0,0,4,2,67,0.0,0
151209412,188,6,188,52,6,1,8,2,1,0.0,0
151266840,50,3,50,22,3,1,8,2,3,0.0,0
151199275,283,2,283,104,2,1,8,2,2,0.0,0
150972444,140,2,140,30,2,0,8,2,3,0.0,0
151257296,282,1,282,89,1,0,8,2,-2,0.0,0
151120518,431,3,431,143,3,1,8,2,7,0.0,0
150989832,136,0,136,64,0,0,8,3,9,0.0,0
151263480,205,1,205,52,1,0,8,3,12,0.0,0
151176508,424,6,424,163,6,0,8,3,3,0.0,0
151117889,320,1,320,79,1,0,8,3,3,0.0,0
150952879,200,1,200,35,1,0,8,3,3,0.0,0
150949773,690,5,690,208,5,1,8,3,15,0.0,0
151312845,220,3,220,103,3,2,8,3,2,0.0,0
151390615,137,1,137,137,1,1,3,3,43,0.0,0
151001694,150,4,150,57,4,0,8,3,4,0.0,0
151270287,77,7,77,19,7,4,8,3,1,0.0,0
151062058,158,1,158,41,1,0,8,3,4,0.0,0
151088568,367,1,367,85,1,0,8,3,16,0.0,0
151057041,204,11,204,87,11,2,6,3,62,0.0,0
151224552,238,8,238,59,8,1,7,3,3,0.0,0
151022842,582,14,582,121,14,6,8,3,11,0.0,0
151458261,84,4,84,84,4,4,4,3,38,0.0,0
151089985,353,1,353,151,1,1,8,3,15,0.0,0
151107755,266,11,266,122,11,8,8,3,9,0.0,0
151292419,282,4,282,81,4,1,8,3,4,0.0,0
151005170,70,1,70,12,1,0,8,3,3,0.0,0
151017918,307,2,307,125,2,2,7,3,3,0.0,0
151118988,172,9,172,39,9,4,8,4,4,0.0,0
151043574,349,6,349,113,6,2,8,4,2,0.0,0
151258939,682,6,682,253,6,4,8,4,21,0.0,0
151251979,656,10,656,148,10,3,8,4,6,0.0,0
150946421,440,5,440,134,5,1,8,4,-3,0.0,0
151164101,103,1,103,24,1,0,8,4,6,0.0,0
151073092,200,6,200,39,6,1,8,4,5,0.0,0
151182141,180,0,180,54,0,0,8,4,0,0.0,0
151092065,236,10,236,98,10,9,8,4,0,0.0,0
151173451,550,21,550,167,21,4,8,4,6,0.0,0
151239765,248,5,248,37,5,2,8,4,6,0.0,0
151288393,119,1,119,22,1,0,8,4,7,0.0,0
151306899,146,0,146,56,0,0,8,4,3,0.0,0
151449222,208,3,208,208,3,3,1,4,2,0.0,0
151159715,659,0,659,149,0,0,8,4,6,0.0,0
151164126,258,9,258,40,9,3,8,4,17,0.0,0
151180913,247,12,247,58,12,4,8,4,0,0.0,0
151048558,1003,10,1003,235,10,8,8,4,8,0.0,0
151001318,95,0,95,31,0,0,8,4,1,0.0,0
151226335,409,1,409,66,1,1,8,4,7,0.0,0
151217721,662,3,661,167,3,3,8,4,9,0.0,0
150973796,31,0,31,3,0,0,8,4,9,0.0,0
151196021,22,0,22,7,0,0,8,4,2,0.0,0
151275739,40,8,40,9,8,0,8,4,22,0.0,0
151175912,176,19,176,49,19,0,8,4,5,0.0,0
151014538,508,10,508,138,10,2,8,4,0,0.0,0
151083475,554,4,554,118,4,0,8,4,1,0.0,0
151409295,194,21,194,194,21,21,1,5,189,0.0,0
150989601,196,6,196,84,6,5,8,5,4,0.0,0
150991353,367,10,367,140,10,10,8,5,15,0.0,0
150977883,441,5,441,125,5,4,8,5,5,0.0,0
151230989,151,2,151,25,2,0,8,5,2,0.0,0
151423752,433,13,433,288,13,7,5,5,1,0.0,0
150940390,351,5,351,96,5,0,8,5,-3,0.0,0
151072926,407,2,407,146,2,2,8,5,12,0.0,0
151048186,107,5,107,11,5,0,8,5,1,0.0,0
151269657,255,5,255,82,5,2,8,5,6,0.0,0
151179134,353,2,353,86,2,0,8,5,5,0.0,0
150995487,176,0,176,66,0,0,8,6,1,0.0,0
151008421,312,3,312,60,3,0,8,6,6,0.0,0
151192752,86,3,86,21,3,2,8,6,1,0.0,0
151299304,63,14,63,16,14,6,8,6,8,0.0,0
151387739,273,5,273,218,5,5,5,6,65,0.0,0
151090998,709,6,709,228,6,5,8,6,-2,0.0,0
151070543,176,11,176,54,11,1,8,6,4,0.0,0
151324356,1007,8,1007,306,8,0,8,6,2,0.0,0
150967880,909,17,909,244,17,4,8,6,13,0.0,0
151315976,256,8,256,31,8,3,8,6,5,0.0,0
151069191,957,18,957,294,18,6,8,6,1,0.0,0
151031887,313,9,313,113,9,3,8,6,9,0.0,0
151176870,157,7,157,27,7,2,8,6,0,0.0,0
150944299,745,1,745,242,1,0,8,6,1,0.0,0
151297356,169,2,169,54,2,0,8,6,8,0.0,0
150994300,245,4,245,66,4,2,8,6,2,0.0,0
151160361,670,16,670,198,16,5,8,6,2,0.0,0
150951484,544,4,544,118,4,3,8,6,8,0.0,0
151270379,198,2,198,68,2,0,8,6,1,0.0,0
151236005,544,2,544,143,2,0,8,7,2,0.0,0
151268041,397,7,397,146,7,3,8,7,1,0.0,0
151095749,200,4,200,67,4,0,9,7,0,0.0,0
151220567,242,5,242,114,5,1,5,8,0,0.0,0
151453358,58,1,58,58,1,1,1,8,58,0.0,0
151329584,100,7,100,51,7,5,8,8,16,0.0,0
151311998,209,19,209,77,19,6,8,8,7,0.0,0
151098546,340,1,340,76,1,0,8,8,1,0.0,0
151121612,160,6,160,37,6,2,8,8,2,0.0,0
151208371,255,22,255,84,22,9,8,8,12,0.0,0
151167829,788,1,788,168,1,0,8,8,1,0.0,0
150945499,525,12,525,194,12,7,8,8,39,0.0,0
151305989,88,0,88,88,0,0,2,9,58,0.0,0
151073178,372,35,372,116,35,13,8,9,5,0.0,0
151078009,1228,9,1228,325,9,3,8,9,10,0.0,0
150961727,312,10,312,99,10,5,8,9,10,0.0,0
151063102,257,6,257,83,6,3,7,9,0,0.0,0
151136161,365,26,365,110,26,9,8,9,7,0.0,0
151288893,949,13,949,196,13,4,8,9,12,0.0,0
151008930,508,23,508,109,23,4,8,9,7,0.0,0
151283690,360,6,360,102,6,2,7,9,7,0.0,0
151099077,329,10,329,109,10,4,7,10,1,0.0,0
150935795,360,6,360,91,6,0,8,10,1,0.0,0
151064021,258,13,258,103,13,7,8,10,7,0.0,0
150951603,1094,11,1094,326,11,5,8,11,0,0.0,0
151212613,155,3,155,155,3,3,4,11,0,0.0,0
151326123,744,5,744,265,5,4,8,12,0,0.0,0
151096763,138,4,138,24,4,2,8,12,-1,0.0,0
151427407,378,17,378,161,17,8,6,12,4,0.0,0
151269373,675,11,675,181,11,4,8,12,5,0.0,0
151057081,395,4,395,125,4,2,7,12,16,0.0,0
151215837,237,11,237,237,11,11,3,13,165,0.0,0
151167210,485,2,485,161,2,0,8,13,1,0.0,0
150962561,576,33,576,175,33,7,8,14,5,0.0,0
151272503,365,4,365,142,4,1,8,14,0,0.0,0
151243568,495,22,495,115,22,4,8,14,0,0.0,0
151326755,383,9,383,383,9,9,2,15,0,0.0,0
151163754,1141,30,1141,339,30,16,8,15,24,0.0,0
151084570,766,3,766,222,3,1,8,15,0,0.0,0
151048994,1215,34,1215,271,34,4,8,17,13,0.0,0
151181504,225,4,225,63,4,1,8,17,11,0.0,0
150945457,381,8,381,102,8,4,8,18,29,0.0,0
150949058,546,52,546,134,52,7,8,18,1,0.0,0
151357138,527,4,527,527,4,4,2,19,297,0.0,0
151273698,357,12,357,54,12,4,8,19,1,0.0,0
151170506,688,36,688,277,36,22,8,21,1,0.0,0
151059637,1369,12,1369,398,12,2,8,22,0,0.0,0
151269946,766,60,766,294,60,24,8,28,4,0.0,0
151168416,975,22,975,975,22,22,3,28,367,0.0,0
149938734,2762,32,1025,211,14,6,18,50,0,0.0,0
151295281,1301,37,1301,456,37,11,8,52,0,0.0,0
151250340,2281,56,2281,861,56,31,8,81,0,0.0,0
151045360,174,1,122,11,1,0,9,0,5,0.0,0
150988510,3,0,3,2,0,0,8,0,3,0.0,0
135202100,75,2,73,20,2,0,8,0,4,0.0,0
151414840,13,0,13,13,0,0,1,0,13,0.0,0
151266479,53,0,53,53,0,0,2,0,43,0.0,0
136020580,73,0,73,15,0,0,8,0,1,0.0,0
148168787,39,4,39,12,4,2,8,0,1,0.0,0
150970566,10,2,10,2,2,0,8,0,4,0.0,0
150969082,129,1,89,12,1,0,10,0,3,0.0,0
132536376,110,2,110,45,2,1,8,0,3,0.0,0
151321936,32,0,32,32,0,0,2,0,30,0.0,0
151131793,116,1,75,24,1,0,10,0,5,0.0,0
150633752,555,3,271,61,0,0,15,0,8,0.0,0
151168217,107,4,107,33,4,1,8,0,11,0.0,0
147828931,316,1,316,90,1,0,8,0,4,0.0,0
150711640,445,3,83,18,0,0,16,0,2,0.0,0
131443185,159,1,159,41,1,0,8,0,5,0.0,0
150176116,222,7,118,46,2,2,16,0,12,0.0,0
151332796,72,4,72,30,4,0,7,0,8,0.0,0
141278759,53,1,53,6,1,0,8,1,2,0.0,0
150224632,1118,10,535,186,4,1,16,1,1,0.0,0
150752127,313,5,158,46,2,0,14,1,7,0.0,0
150796130,518,2,331,82,2,1,11,1,9,0.0,0
150936792,413,19,223,68,9,0,12,2,17,0.0,0
151071641,175,1,175,53,1,0,8,2,9,0.0,0
151151399,291,6,143,42,6,5,9,2,8,0.0,0
151038671,425,4,425,158,4,4,8,2,10,0.0,0
146598249,591,3,338,111,1,1,14,2,4,1.0,0
148809917,266,2,266,85,2,1,8,2,8,0.0,0
148059221,168,4,167,46,4,3,8,2,4,0.0,0
151094354,259,2,259,86,2,0,8,2,7,0.0,0
141704718,69,1,69,11,1,0,8,2,3,0.0,0
150942164,226,7,226,71,7,0,8,2,1,0.0,0
150425588,453,4,167,41,3,2,16,2,4,0.0,0
151080793,35,1,35,8,1,1,8,2,1,0.0,0
135209938,336,1,334,128,1,1,8,2,9,0.0,0
151209633,47,1,47,15,1,1,8,2,9,0.0,0
151318109,107,0,107,41,0,0,8,2,8,0.0,0
150530250,443,1,235,73,1,0,16,2,4,0.0,0
126831231,131,1,131,49,1,1,8,2,11,0.0,0
150380431,1075,8,64,17,4,4,24,2,7,0.0,0
151065954,284,8,284,78,8,5,8,2,3,0.0,0
150891584,158,2,110,26,1,0,9,2,8,0.0,0
148281792,421,12,353,96,8,1,10,2,1,2.0,0
143457963,177,4,177,106,4,3,5,2,10,0.0,0
151128774,85,0,85,15,0,0,8,3,3,0.0,0
150827518,785,4,305,103,3,0,16,3,14,0.0,0
150663565,708,1,214,68,0,0,16,3,6,0.0,0
150886273,485,23,252,72,18,3,15,3,0,0.0,0
151191524,185,1,185,54,1,1,8,3,16,0.0,0
151333802,156,1,156,156,1,1,2,3,82,0.0,0
146774758,173,4,173,77,4,0,8,3,2,0.0,0
150757697,485,0,163,45,0,0,13,3,9,0.0,0
148304045,467,11,463,164,11,5,8,3,0,0.0,0
150566370,349,9,154,54,4,1,15,3,4,0.0,0
151217301,195,2,195,195,2,2,2,3,0,0.0,0
145248937,134,2,81,6,1,0,9,4,2,0.0,0
150989119,227,4,197,47,4,2,9,4,8,0.0,0
148488642,69,1,69,29,1,1,8,4,3,0.0,0
151310856,255,2,255,255,2,2,4,4,15,0.0,0
141592775,1203,3,437,95,1,0,11,4,7,0.0,0
150962182,263,3,143,12,2,0,9,4,1,0.0,0
151269807,2312,14,2312,809,14,6,8,5,13,0.0,0
150743503,721,3,126,23,0,0,18,5,4,0.0,0
135442691,131,0,131,69,0,0,8,5,0,0.0,0
151557848,211,17,211,211,17,17,2,6,3,0.0,0
151156838,1221,6,691,115,6,2,9,6,12,0.0,0
150617339,789,0,348,127,0,0,16,6,0,0.0,0
145133448,178,0,178,32,0,0,8,6,5,0.0,0
149849824,1173,25,476,125,12,2,16,6,8,0.0,0
150413083,121,4,32,4,2,0,16,6,14,0.0,0
150913335,502,7,367,105,6,2,9,6,7,0.0,0
150735606,348,18,189,38,15,3,15,6,10,0.0,0
150992275,205,0,205,48,0,0,8,6,0,0.0,0
140240209,224,8,224,40,8,3,8,6,2,0.0,0
151116814,247,8,153,33,2,1,9,7,1,0.0,0
150977963,1325,17,1325,477,17,5,8,7,1,0.0,0
150548047,424,6,174,58,4,3,15,7,4,0.0,0
150082538,381,6,180,78,5,4,16,7,20,0.0,0
151300365,570,25,570,570,25,25,2,7,2,0.0,0
151006524,652,8,436,133,5,1,9,8,9,0.0,0
150982206,243,4,243,83,4,1,8,8,3,0.0,0
150378622,976,8,65,20,2,0,24,8,7,0.0,0
150894234,326,9,136,51,1,1,15,9,8,0.0,0
151400572,1205,21,1205,998,21,16,5,9,5,0.0,0
150899558,467,9,285,60,4,0,9,9,2,0.0,0
142884017,571,32,420,67,28,10,9,9,2,0.0,0
151160797,409,10,409,409,10,10,4,10,161,0.0,0
150733591,598,17,156,30,4,1,14,10,11,0.0,0
150789900,660,5,321,134,3,3,15,10,3,0.0,0
150593305,808,7,439,141,1,1,15,10,0,0.0,0
150597773,482,9,216,35,6,5,15,11,4,0.0,0
151224154,279,17,160,38,12,1,9,11,9,0.0,0
140049311,428,21,205,11,11,0,13,12,2,3.0,0
151031240,719,14,612,193,8,3,9,12,11,0.0,0
149880101,618,8,73,33,0,0,29,12,13,0.0,0
150963922,422,3,422,113,3,2,8,13,8,0.0,0
150242068,2023,17,256,79,6,0,23,13,3,0.0,0
151559309,302,14,302,302,14,14,1,13,1,0.0,0
146604528,379,12,269,80,12,0,11,13,7,1.0,0
150170869,1226,20,41,6,2,0,29,14,1,0.0,0
151072216,606,16,606,111,16,8,8,14,12,0.0,0
150704980,2162,23,598,172,6,3,17,15,1,0.0,0
151151981,329,3,329,73,3,0,8,15,1,0.0,0
151297334,441,3,441,162,3,3,8,16,0,0.0,0
150358227,1522,43,102,30,6,5,25,16,0,0.0,0
150840587,551,9,370,135,4,0,14,17,12,0.0,0
151100861,948,25,274,66,7,1,10,18,11,0.0,0
151334798,506,35,506,506,35,35,3,19,0,0.0,0
149402542,828,24,37,11,2,0,35,19,5,3.0,0
150082404,1936,46,206,55,11,1,29,19,1,0.0,0
150966690,692,12,692,255,12,2,8,20,6,0.0,0
150192021,790,19,326,130,7,4,15,20,6,0.0,0
148190301,1173,77,1166,348,77,16,8,23,1,0.0,0
150853951,692,13,394,175,8,5,14,28,9,0.0,0
150350665,2072,64,417,146,25,11,20,29,25,0.0,0
150662756,1050,9,829,277,5,2,15,29,1,0.0,0
150639624,1388,24,623,241,7,1,16,37,1,0.0,0
151416028,2709,23,2709,2367,23,19,5,37,0,0.0,0
150152374,3164,57,359,139,11,2,24,39,0,0.0,0
149126962,3527,60,143,26,3,1,24,39,2,0.0,0
150296592,3543,39,208,36,5,1,24,43,2,0.0,0
147866634,4391,35,265,88,4,2,34,43,0,1.0,0
151009054,1648,98,1067,224,65,9,9,47,0,0.0,0
150950438,6664,68,3664,1661,29,12,14,48,1,0.0,0
150182821,5106,125,275,31,11,1,23,54,0,0.0,0
138757133,27,2,27,6,2,2,8,0,18,0.0,0
137051719,236,2,65,27,0,0,17,0,6,0.0,0
149908535,29,1,11,6,0,0,24,0,2,0.0,0
151078023,141,3,141,57,3,0,8,1,10,0.0,0
144700608,72,0,19,7,0,0,15,1,1,0.0,0
133886762,201,5,200,71,5,2,8,1,22,0.0,0
151251408,71,0,71,4,0,0,8,1,2,0.0,0
150227766,285,4,108,53,2,2,16,2,8,0.0,0
142086712,332,2,112,33,2,0,13,2,6,0.0,0
147462217,134,3,66,26,0,0,11,3,3,0.0,0
142992851,167,5,81,25,1,0,14,3,2,0.0,0
128578306,716,7,397,134,4,0,15,3,6,0.0,0
145315573,292,0,118,34,0,0,16,3,6,0.0,0
150186212,564,15,158,76,0,0,24,4,5,0.0,0
150758414,178,2,75,17,1,1,15,4,1,0.0,0
149950657,489,13,69,20,0,0,21,5,5,0.0,0
150378955,1044,5,274,63,1,0,19,5,2,0.0,0
149979644,1615,9,55,21,0,0,32,6,3,0.0,0
147573591,41,0,41,8,0,0,8,6,9,0.0,0
150211225,528,18,143,39,1,0,23,6,3,0.0,0
151076245,496,12,416,48,9,2,9,6,0,0.0,0
150930214,392,22,203,118,16,14,10,7,0,0.0,0
145920712,186,3,185,74,3,1,8,7,2,0.0,0
150953926,155,1,155,53,1,0,8,7,225,0.0,0
148378955,568,7,164,31,2,0,17,7,0,3.0,0
149901155,637,5,213,75,2,0,22,8,13,0.0,0
148294830,103,5,101,8,5,0,8,8,16,0.0,0
139821771,293,15,194,48,11,5,9,9,7,0.0,0
150598434,306,16,97,13,2,0,14,11,3,0.0,0
150609931,874,4,240,43,0,0,16,15,0,0.0,0
149182942,1676,14,655,269,5,2,23,15,7,1.0,0
151301338,390,5,390,115,5,2,8,16,10,0.0,0
151089381,1110,14,1110,702,14,9,8,17,0,0.0,0
151172755,657,13,657,167,13,4,8,17,11,0.0,0
150495590,556,38,313,110,28,9,16,19,69,0.0,0
151150688,549,22,544,98,22,3,9,19,2,0.0,0
148405938,339,21,338,94,21,11,8,22,0,0.0,0
150274185,1732,29,530,204,20,7,22,23,0,0.0,0
132472678,1629,10,479,144,2,0,14,23,13,0.0,0
113853528,1674,29,512,141,17,2,15,25,1,0.0,0
150797854,577,25,167,37,6,2,16,25,0,0.0,0
149549545,2299,41,693,244,7,0,24,26,0,0.0,0
150188942,646,41,202,47,17,3,23,27,1,0.0,0
150864403,559,16,242,67,10,6,15,28,12,0.0,0
150599178,610,12,610,190,12,0,8,29,0,0.0,0
150559576,2586,36,727,135,11,2,21,37,9,0.0,0
150282916,1491,52,618,144,20,6,17,41,0,0.0,0
150602456,1360,3,713,273,2,1,15,41,216,0.0,0
150473306,2490,71,1044,343,22,6,16,42,0,0.0,0
151248862,508,7,508,125,7,2,8,51,292,0.0,0
151075796,1229,33,1229,466,33,2,8,91,1,0.0,0
151213728,86,4,86,34,4,0,8,2,16,0.0,0
148114111,216,2,94,27,2,2,12,2,6,0.0,0
148661812,250,5,54,13,0,0,28,2,3,0.0,0
145793673,216,3,89,14,0,0,16,4,1,0.0,0
139240462,908,2,324,132,0,0,24,4,0,0.0,0
149590522,720,6,180,66,2,2,30,6,4,0.0,0
146386064,130,1,130,44,1,0,8,7,3,0.0,0
140724293,575,11,113,41,3,1,32,8,7,1.0,0
151466263,292,2,292,292,2,2,4,8,7,0.0,0
149900794,757,7,158,47,1,0,29,8,8,0.0,0
148942788,1768,8,480,185,0,0,23,8,11,0.0,0
147993727,510,6,172,69,4,4,23,8,10,0.0,0
150293947,229,8,44,14,3,2,27,9,3,0.0,0
151151714,78,5,78,24,5,0,8,11,2,0.0,0
143352924,368,2,368,107,2,0,8,11,59,0.0,0
150522967,1413,16,232,42,1,0,21,12,3,0.0,0
151667564,60,7,60,60,7,7,2,12,2,0.0,0
149129054,422,9,203,40,6,0,15,12,5,0.0,0
147828498,386,7,150,150,1,1,12,12,160,0.0,0
142791725,1148,39,301,82,10,3,23,14,-1,0.0,0
149977802,2984,24,495,151,5,4,32,16,61,0.0,0
150375018,1024,34,273,56,15,10,19,18,5,0.0,0
141574254,620,29,620,181,29,11,8,23,1,0.0,0
149538838,1324,33,437,229,11,3,31,25,13,0.0,0
150920353,466,3,91,10,1,0,14,25,4,0.0,0
149397756,1736,38,599,179,16,8,21,25,2,0.0,0
150871539,1825,43,1444,710,20,8,10,30,0,0.0,0
149816652,4502,38,454,176,6,4,37,39,37,0.0,0
149753684,893,11,170,24,0,0,21,42,1,0.0,0
149922126,2191,29,717,258,13,5,24,65,1,0.0,0
150741048,829,72,349,190,23,15,13,65,9,0.0,0
150956069,1176,28,1176,324,28,7,8,106,1,0.0,0
145805349,136,4,17,8,0,0,38,2,2,0.0,0
149559517,398,3,185,56,1,1,16,4,24,0.0,0
151072521,363,3,155,58,0,0,11,5,1,0.0,0
149669448,1484,46,458,147,19,13,35,6,5,0.0,0
102361918,463,10,106,45,7,5,31,7,2,0.0,0
115859956,559,14,78,24,0,0,26,8,4,0.0,0
139096220,1081,13,436,168,4,0,16,8,141,0.0,0
151166311,1097,21,1097,806,21,19,6,9,0,0.0,0
151295206,18,0,18,4,0,0,8,10,2,0.0,0
146990650,503,5,120,52,3,3,32,10,6,0.0,0
150154205,651,1,121,34,0,0,26,13,13,0.0,0
150290575,1318,10,657,257,4,1,16,13,22,0.0,0
150003203,1478,25,717,444,12,9,28,17,0,0.0,0
150911637,422,6,198,66,3,1,10,17,34,0.0,0
150836669,775,14,235,43,9,4,13,18,6,0.0,0
150478677,443,3,208,86,1,1,16,19,3,0.0,0
149726932,603,14,113,32,2,1,37,20,9,0.0,0
149409579,561,26,115,49,4,4,36,22,8,0.0,0
149968476,2188,16,237,82,3,0,30,37,7,0.0,0
150370402,917,82,256,53,26,3,21,41,19,0.0,0
147592659,1432,86,317,61,15,1,39,45,0,0.0,0
149838131,2223,5,1239,332,4,1,16,68,36,0.0,0
140837857,568,5,143,64,1,1,32,2,10,0.0,0
147430731,141,5,34,16,1,1,38,2,4,0.0,0
148833101,341,3,54,12,1,0,38,2,3,0.0,0
148950616,976,4,416,104,2,1,18,3,10,0.0,0
149796988,1496,5,332,84,1,0,35,5,8,0.0,0
141025943,553,4,146,47,0,0,28,7,10,0.0,0
150929941,1627,20,1395,547,17,4,10,8,1,0.0,0
149731173,1685,29,332,112,5,0,32,11,10,0.0,0
149285159,697,29,92,41,3,2,33,11,2,1.0,0
150991319,153,2,153,37,2,0,8,13,1,0.0,0
145505530,1854,14,483,107,1,0,31,13,-2,0.0,0
150266479,1945,44,448,83,20,4,24,13,11,0.0,0
146393518,472,4,77,17,2,0,32,15,1,0.0,0
150978002,906,9,488,174,8,8,13,15,22,0.0,0
135271175,807,21,371,149,2,1,15,16,10,0.0,0
149341718,4105,56,757,223,10,2,39,19,1,6.0,0
147873693,1037,6,201,57,2,0,34,21,0,0.0,0
136506864,148,5,54,19,0,0,24,23,5,0.0,0
150301625,1427,32,373,61,5,3,23,23,113,0.0,0
140619378,899,10,68,22,0,0,38,24,4,1.0,0
150950970,530,10,530,221,10,5,8,25,0,0.0,0
149931985,4320,38,789,227,10,3,29,28,0,0.0,0
149494760,4455,122,1412,552,51,29,31,287,515,11.0,0
149126596,669,15,115,43,4,0,41,36,8,0.0,0
139827073,1293,25,198,54,6,2,29,40,52,0.0,0
147189407,1554,8,328,66,2,0,18,40,73,0.0,0
149778021,1123,28,244,77,12,6,32,41,2,0.0,0
150240627,6105,55,1659,738,15,7,22,51,1,0.0,0
150331123,2451,143,1019,247,68,29,20,51,1,0.0,0
150331123,2451,143,1019,247,68,29,20,51,1,0.0,0
149162223,304,4,32,19,1,0,37,4,10,0.0,0
150578777,1606,11,516,197,7,4,18,14,1,0.0,0
145659595,499,0,496,199,0,0,8,23,17,0.0,0
144689380,1040,17,232,87,3,2,31,26,1,1.0,0
139897373,1617,14,445,151,8,3,23,39,1,0.0,0
150793281,2044,80,963,515,23,16,17,111,0,0.0,0
139902799,353,3,276,83,2,0,11,9,84,0.0,0
150020142,491,18,103,27,5,1,27,16,0,0.0,0
150299878,564,22,202,71,15,9,22,18,1,0.0,0
149123558,262,28,62,6,9,1,24,20,58,0.0,0
149649457,242,9,94,56,6,4,18,26,0,0.0,0
143399461,4493,30,1491,1143,21,17,33,47,1,0.0,0
147043735,7557,60,698,438,6,6,43,90,1,12.0,0
139568080,1007,14,197,55,3,3,37,4,71,0.0,0
140399069,524,4,90,39,0,0,27,8,5,0.0,0
148252064,1609,12,182,92,2,2,43,8,0,0.0,0
150371292,1288,10,217,59,4,0,24,8,6,0.0,0
150230039,1343,8,562,233,1,0,21,11,13,0.0,0
150840530,756,8,219,52,4,0,13,12,55,0.0,0
143920951,842,5,219,53,1,0,31,15,3,0.0,0
146543346,3977,37,882,645,11,6,30,18,0,0.0,0
147017988,1371,19,196,50,0,0,39,22,9,2.0,0
151383103,162,0,162,72,0,0,7,37,33,0.0,0
131042041,390,4,390,183,4,1,6,39,15,0.0,0
149720631,4546,58,686,183,17,8,21,69,2,0.0,0
147385611,4687,141,633,97,14,1,38,105,2,18.0,0
149304924,1618,12,227,55,0,0,41,14,46,0.0,0
139628886,718,11,83,21,1,0,42,18,13,0.0,0
136661003,637,36,108,108,27,27,18,8,49,0.0,0
150041063,1476,23,105,35,6,2,32,16,1,0.0,0
145493558,2069,13,280,133,0,0,40,35,12,1.0,0
147013081,82,0,78,20,0,0,8,25,162,0.0,0
151212099,770,6,749,316,6,3,9,57,39,0.0,0
150386762,330,1,78,11,0,0,22,37,52,0.0,0
149135051,2621,43,431,154,1,1,39,42,87,1.0,0
146542540,878,21,135,28,2,2,37,49,36,1.0,0
151086968,32,5,32,15,5,0,8,0,5,0.0,0
151417277,825,10,825,825,10,10,3,6,435,0.0,0
151454416,96,4,96,96,4,4,1,6,94,0.0,0
151102925,152,2,70,7,0,0,10,1,6,0.0,0
149898382,739,21,39,22,4,3,30,13,3,0.0,0
151064074,979,16,979,697,16,14,7,17,0,0.0,0
147673609,264,2,85,84,0,0,15,5,0,0.0,0
149436164,332,36,108,49,14,9,22,18,6,0.0,0
149732395,4810,205,1376,236,67,24,35,89,1,0.0,0
151067276,78,3,78,8,3,0,8,0,4,0.0,0
151310589,165,4,165,165,4,4,2,1,102,0.0,0
151329267,32,0,32,32,0,0,2,1,11,0.0,0
151377529,10,0,10,10,0,0,4,1,3,0.0,0
151167728,111,0,111,68,0,0,5,1,0,0.0,0
151200950,39,0,39,14,0,0,8,2,2,0.0,0
151080451,222,23,222,72,23,5,8,7,7,0.0,0
151384975,279,10,279,279,10,10,3,7,96,0.0,0
151311691,129,8,129,129,8,8,2,8,0,0.0,0
151240171,904,7,904,904,7,7,4,14,0,0.0,0
151385492,146,5,146,146,5,5,3,0,88,0.0,0
150126536,428,6,165,42,2,2,15,1,1,0.0,0
151451532,410,15,410,410,15,15,1,6,407,0.0,0
150794636,1031,8,522,122,5,1,14,11,0,0.0,0
150965716,1580,27,806,236,18,12,10,76,30,0.0,0
151106555,1760,23,1760,1072,23,18,7,20,1,0.0,0
149787195,6318,88,1671,805,20,8,31,58,1,0.0,0
148759600,913,5,131,31,1,1,28,7,58,0.0,0
144841309,373,11,98,75,4,2,34,19,2,0.0,0
150971412,90,0,90,14,0,0,8,0,3,0.0,0
151454689,79,3,79,79,3,3,1,0,79,0.0,0
151136632,225,6,225,77,6,4,8,0,2,0.0,0
151276692,108,3,108,108,3,3,2,0,0,0.0,0
151108233,105,2,105,51,2,2,8,0,5,0.0,0
151332067,13,0,13,13,0,0,2,0,8,0.0,0
151107116,281,2,281,146,2,0,5,0,135,0.0,0
150999824,230,4,230,71,4,0,8,0,5,0.0,0
150958450,66,4,66,4,4,1,8,0,40,0.0,0
151191778,153,2,153,62,2,1,8,0,6,0.0,0
151139326,299,3,299,72,3,0,8,0,2,0.0,0
151393201,19,0,19,19,0,0,2,0,13,0.0,0
151083889,330,4,330,76,4,1,8,0,8,0.0,0
151228658,69,3,69,17,3,0,8,0,6,0.0,0
151083410,86,2,86,22,2,0,8,0,1,0.0,0
151182849,122,5,122,10,5,0,8,1,-1,0.0,0
151251773,161,4,161,50,4,0,8,1,8,0.0,0
151092054,276,8,276,79,8,2,8,1,11,0.0,0
151200368,181,7,181,52,7,5,8,1,7,0.0,0
151017861,51,5,51,22,5,3,8,1,6,0.0,0
150997743,370,6,370,75,6,0,8,1,7,0.0,0
150948025,92,4,92,32,4,1,8,1,5,0.0,0
151250818,113,1,113,70,1,1,5,1,43,0.0,0
151204474,141,6,141,45,6,1,8,1,8,0.0,0
151330541,204,3,204,42,3,1,8,1,1,0.0,0
151297699,105,0,105,20,0,0,8,1,0,0.0,0
151260991,74,0,74,6,0,0,8,1,2,0.0,0
151201012,144,1,144,43,1,0,8,1,7,0.0,0
151174220,175,0,175,38,0,0,8,1,10,0.0,0
151097379,320,0,320,96,0,0,8,1,4,0.0,0
151105637,127,7,127,29,7,6,8,1,1,0.0,0
151009299,686,19,686,206,19,6,8,2,0,0.0,0
151568572,66,0,66,66,0,0,2,2,60,0.0,0
151087417,192,5,192,44,5,1,8,2,0,0.0,0
150987235,571,4,571,190,4,0,8,2,23,0.0,0
151138578,239,0,239,46,0,0,8,2,3,0.0,0
151460894,83,16,83,83,16,16,3,2,36,0.0,0
151474017,83,3,83,83,3,3,3,2,44,0.0,0
151260436,204,3,204,44,3,1,8,2,2,0.0,0
151141800,304,1,304,83,1,0,8,2,3,0.0,0
150801051,40,5,24,4,1,1,15,2,7,0.0,0
151602720,193,1,193,193,1,1,2,2,118,0.0,0
151231026,170,8,170,26,8,0,8,3,3,0.0,0
151193121,139,5,139,139,5,5,4,3,57,0.0,0
150988410,367,4,367,87,4,2,8,3,7,0.0,0
151119177,855,2,855,278,2,0,8,3,22,0.0,0
151205659,169,0,169,36,0,0,8,3,7,0.0,0
151281984,46,1,46,8,1,0,8,3,4,0.0,0
151150809,21,2,21,8,2,2,8,3,9,0.0,0
150963238,196,10,196,35,10,4,8,3,2,0.0,0
151286773,277,6,277,70,6,0,8,3,9,0.0,0
150941877,139,2,139,29,2,0,8,3,4,0.0,0
151602264,127,5,127,127,5,5,2,3,0,0.0,0
151512218,342,4,342,342,4,4,2,4,251,0.0,0
151174348,260,7,260,56,7,1,8,4,10,0.0,0
151240312,392,9,392,68,9,6,8,4,8,0.0,0
151079695,213,7,213,48,7,1,8,4,1,0.0,0
151331079,399,1,399,101,1,0,8,4,6,0.0,0
151419757,247,12,247,165,12,8,5,4,0,0.0,0
151243464,144,1,144,33,1,0,8,5,2,0.0,0
151105439,135,0,135,45,0,0,7,5,3,0.0,0
151456563,291,5,291,291,5,5,4,5,120,0.0,0
151134810,308,21,308,105,21,8,8,6,2,0.0,0
151221370,261,3,261,261,3,3,4,6,0,0.0,0
151061505,367,6,367,126,6,3,8,6,5,0.0,0
151048943,560,2,560,148,2,0,8,6,5,0.0,0
151301451,323,7,323,112,7,2,7,6,10,0.0,0
151254651,852,24,852,273,24,10,8,7,20,0.0,0
151183287,822,3,822,317,3,1,7,7,13,0.0,0
151259764,609,10,609,185,10,8,8,7,1,0.0,0
151242394,152,13,152,48,13,10,7,7,4,0.0,0
151282827,481,5,481,94,5,2,8,7,0,0.0,0
151216995,422,2,422,91,2,1,8,8,-1,0.0,0
151122150,252,1,252,70,1,0,8,8,6,0.0,0
150982579,346,6,346,112,6,0,8,9,8,0.0,0
151288044,533,7,533,247,7,3,6,9,3,0.0,0
151039878,170,9,170,56,9,6,8,10,8,0.0,0
151161173,675,10,675,135,10,9,8,10,3,0.0,0
151328677,364,13,364,38,13,5,8,10,1,0.0,0
151034374,544,12,544,171,12,4,8,11,12,0.0,0
151538927,425,17,425,425,17,17,4,12,167,0.0,0
151597340,700,27,700,700,27,27,2,14,334,0.0,0
151430143,934,30,934,499,30,13,6,16,2,0.0,0
151174150,442,17,442,144,17,5,8,17,1,0.0,0
151170343,845,8,845,348,8,2,8,20,0,0.0,0
150936840,457,14,457,142,14,5,8,21,0,0.0,0
151187929,554,9,554,183,9,2,8,28,0,0.0,0
150958749,985,59,985,333,59,22,8,31,4,0.0,0
151143434,1502,34,1502,1285,34,31,5,32,0,0.0,0
120699815,145,6,145,63,6,4,8,0,14,0.0,0
151674370,0,0,0,0,0,0,1,0,1,0.0,0
148038628,140,7,135,135,7,7,3,0,74,0.0,0
139754157,337,3,336,106,3,0,8,0,12,0.0,0
151271392,159,2,159,42,2,0,8,1,0,0.0,0
151211093,56,0,56,17,0,0,8,1,6,0.0,0
145881998,325,1,243,114,1,0,11,1,26,0.0,0
138894533,175,1,175,43,1,0,8,2,4,0.0,0
150844644,217,5,105,25,3,2,12,2,9,0.0,0
150955424,89,6,89,36,6,4,8,3,6,0.0,0
150839494,609,6,301,100,3,0,14,4,11,0.0,0
151079170,195,2,75,17,1,0,11,4,3,0.0,0
151196986,260,2,94,16,0,0,10,4,2,0.0,0
150554340,526,4,241,83,1,0,16,4,11,0.0,0
150154594,2414,23,227,66,1,0,24,4,3,0.0,0
124590392,257,8,257,51,8,0,6,5,0,0.0,0
135745812,135,10,135,135,10,10,1,5,135,0.0,0
151077325,1470,19,1470,540,19,11,7,6,2,0.0,0
151673448,128,23,128,128,23,23,1,6,128,0.0,0
150845964,1162,13,808,209,9,4,11,7,1,0.0,0
151394308,218,0,218,218,0,0,2,7,-5,0.0,0
150830422,2047,6,969,489,4,2,13,7,0,0.0,0
151075984,662,10,662,107,10,2,8,8,4,0.0,0
151084883,999,6,515,160,2,2,11,9,0,0.0,0
150991122,571,12,330,89,2,0,13,9,4,0.0,0
151350585,330,12,330,330,12,12,2,11,3,0.0,0
143718642,528,21,527,122,21,6,8,12,11,0.0,0
151388373,763,20,763,754,20,20,5,13,23,0.0,0
150667298,756,16,133,44,7,4,18,14,0,0.0,0
151275662,923,11,923,625,11,8,5,18,0,0.0,0
150964698,500,5,500,107,5,2,8,20,1,0.0,0
151028658,1079,11,604,98,10,2,11,20,8,0.0,0
151422451,2052,28,2052,1524,28,18,6,21,1,0.0,0
150739435,990,24,449,135,15,5,16,23,0,0.0,0
149314473,1277,35,44,11,3,0,37,25,1,0.0,0
150503501,1124,36,364,76,23,6,18,31,-2,0.0,0
150228416,3333,27,243,33,1,0,23,31,3,0.0,0
150482481,3776,75,1161,360,17,7,18,43,1,0.0,0
149966155,2053,73,137,47,11,0,31,66,1,0.0,0
150833913,3810,50,1834,546,19,3,14,74,6,0.0,0
150627691,152,0,89,32,0,0,11,0,8,0.0,0
150920543,74,0,31,6,0,0,15,1,7,0.0,0
151212193,211,6,211,209,6,6,5,2,84,0.0,0
151131441,74,6,74,63,6,6,5,3,15,0.0,0
142586708,611,5,323,86,2,0,16,7,9,0.0,0
149811935,1164,18,88,38,1,0,32,8,1,0.0,0
142302674,1029,32,56,11,3,2,32,8,3,0.0,0
142528349,632,2,345,84,2,1,10,8,0,0.0,0
150875826,1098,20,601,240,11,5,14,8,0,0.0,0
145875546,1304,9,477,151,3,1,16,8,14,0.0,0
150036165,1084,22,79,54,0,0,27,11,0,0.0,0
148868358,650,24,97,10,0,0,23,13,3,1.0,0
150864211,527,9,150,108,6,4,13,14,17,0.0,0
150576921,1784,20,419,126,9,2,20,15,15,0.0,0
149083340,2688,36,594,307,12,5,39,19,0,1.0,0
150875928,985,14,379,67,7,3,14,19,-1,0.0,0
150586429,1779,31,754,229,7,4,15,21,0,0.0,0
151128513,923,42,440,221,25,13,11,24,0,0.0,0
150526998,1324,6,264,50,0,0,16,25,17,0.0,0
150278547,1780,14,334,84,2,1,24,27,0,0.0,0
150606274,2528,31,664,615,15,12,16,30,0,0.0,0
150539981,2341,39,864,436,13,7,20,42,1,0.0,0
149738489,396,8,91,19,3,0,25,4,3,0.0,0
151082790,1014,25,741,323,22,14,10,4,135,0.0,0
140490026,356,7,153,101,6,6,18,6,36,0.0,0
144365541,730,9,223,63,4,1,22,8,0,0.0,0
149525853,1222,11,265,77,3,2,24,11,8,3.0,0
148216957,1897,33,1217,636,22,13,14,13,1,0.0,0
150424297,1617,18,614,194,8,4,22,13,1,0.0,0
147204766,174,13,62,18,7,7,16,18,2,0.0,0
150194317,3406,7,834,253,2,1,25,22,0,0.0,0
147565621,2379,16,1034,537,4,2,17,31,121,0.0,0
150803207,3653,75,2151,919,46,25,14,73,1,0.0,0
150177115,3710,68,1749,934,33,25,10,92,0,0.0,0
150717627,593,17,359,200,13,8,12,5,1,0.0,0
147794431,509,27,75,23,13,3,14,13,47,0.0,0
149703034,2342,21,393,87,4,2,33,16,0,0.0,0
149624190,625,20,118,31,1,0,31,21,8,0.0,0
150007358,2148,35,878,109,7,0,28,25,2,0.0,0
150310365,486,21,150,36,5,2,21,25,0,0.0,0
151408876,44,0,44,44,0,0,1,27,74,0.0,0
151169724,793,7,793,253,7,3,8,32,1,0.0,0
151269704,333,7,333,151,7,0,7,34,18,0.0,0
151269704,333,7,333,151,7,0,7,34,18,0.0,0
150369647,2181,39,544,190,7,1,23,34,2,0.0,0
149721322,5107,84,1212,359,17,9,32,36,1,0.0,0
150916999,668,10,360,99,9,9,13,37,1,0.0,0
148098768,87,3,9,3,1,0,37,3,1,0.0,0
149185456,503,4,86,31,0,0,36,5,3,0.0,0
149888545,443,12,71,19,6,1,32,6,2,0.0,0
150990703,610,19,455,150,10,4,10,10,23,0.0,0
149167099,611,21,296,252,11,10,34,14,0,0.0,0
115121460,579,32,109,38,5,0,31,16,2,0.0,0
150693622,474,1,172,60,0,0,18,20,8,0.0,0
151147906,345,1,345,121,1,1,8,27,2,0.0,0
147983754,3275,167,165,43,26,7,36,96,2,0.0,0
134794305,3690,57,669,365,17,9,28,117,1,0.0,0
147315788,8208,37,1538,559,7,3,39,4,3,7.0,0
142787387,384,3,104,28,0,0,20,5,5,0.0,0
123233335,728,20,279,142,17,11,37,13,15,1.0,0
150482389,2094,22,574,199,5,1,21,62,0,0.0,0
144169961,1166,6,158,43,0,0,37,3,0,1.0,0
145641006,2581,33,525,193,20,13,38,19,1,3.0,0
149726084,1925,26,152,52,2,0,30,74,31,0.0,0
138586746,6393,113,1483,656,42,16,37,84,1,19.0,0
121100338,3459,122,700,262,25,13,38,95,24,10.0,0
147647298,8019,27,978,415,1,1,41,75,6,2.0,0
131580415,3406,51,669,200,7,2,37,60,147,2.0,0
151037304,249,5,249,91,5,5,8,6,8,0.0,0
149908944,762,20,512,345,7,5,14,9,2,0.0,0
151058058,209,4,180,87,4,2,10,17,0,0.0,0
151126495,855,16,855,761,16,14,5,21,0,0.0,0
150390530,419,3,137,39,0,0,24,12,0,0.0,0
150854112,517,1,362,314,0,0,12,16,183,0.0,0
149208688,1976,25,162,88,2,2,43,24,34,4.0,0
150721430,2546,14,663,478,7,6,13,44,22,0.0,0
150185323,5107,98,1527,715,48,13,23,125,1,0.0,0
145091660,2914,47,1803,651,36,12,12,54,1,0.0,0
149977846,4867,76,887,356,26,12,31,90,1,0.0,0
150133700,2159,11,514,196,4,1,24,16,1,0.0,0
150957730,107,1,107,33,1,0,8,1,2,0.0,0
151350019,397,7,397,397,7,7,2,3,3,0.0,0
150706356,344,6,227,102,0,0,10,10,26,0.0,0
151188770,649,8,649,463,8,8,5,14,186,0.0,0
151306904,378,14,378,378,14,14,2,25,1,0.0,0
149331117,299,6,44,6,2,0,35,3,9,0.0,0
151489992,111,1,111,111,1,1,4,0,29,0.0,1
151166699,83,4,83,83,4,4,4,0,51,0.0,1
151479535,211,8,211,211,8,8,3,0,101,0.0,1
151282850,44,3,44,44,3,3,2,0,30,0.0,1
151217003,20,0,20,1,0,0,8,0,18,0.0,1
151473170,61,2,61,61,2,2,4,0,30,0.0,1
150969341,421,3,421,97,3,0,8,0,12,0.0,1
151202329,40,4,40,40,4,4,4,0,9,1.0,1
151241961,103,0,103,23,0,0,8,0,4,1.0,1
151356062,77,2,77,77,2,2,1,0,77,0.0,1
151251453,52,4,52,13,4,2,8,0,2,0.0,1
151401570,69,0,69,69,0,0,1,0,69,0.0,1
151252918,114,0,114,114,0,0,3,0,42,0.0,1
151263941,107,1,107,107,1,1,3,0,39,1.0,1
150960126,152,0,152,42,0,0,8,0,9,0.0,1
151550000,13,2,13,13,2,2,2,0,10,0.0,1
151352877,122,2,122,31,2,1,6,0,57,0.0,1
150966875,134,1,134,21,1,0,8,0,4,0.0,1
150966320,47,5,47,6,5,0,8,0,22,0.0,1
151323534,290,2,290,87,2,1,7,0,22,0.0,1
151296996,38,2,38,38,2,2,2,0,35,0.0,1
151184139,34,0,34,6,0,0,8,0,14,1.0,1
151338309,80,4,80,80,4,4,1,0,71,0.0,1
151170369,75,3,75,47,3,2,5,0,14,0.0,1
151430433,58,9,58,58,9,9,2,0,20,0.0,1
151527765,27,5,27,27,5,5,3,0,9,1.0,1
151437641,512,0,512,512,0,0,4,1,121,1.0,1
151635151,107,5,107,107,5,5,1,1,107,1.0,1
151263621,71,1,71,10,1,0,8,1,1,1.0,1
151581562,13,2,13,13,2,2,1,1,12,0.0,1
151353893,133,0,133,133,0,0,1,1,129,0.0,1
151000458,145,3,145,28,3,0,8,1,8,1.0,1
151267028,97,0,97,15,0,0,8,1,3,0.0,1
141222991,64,3,64,7,3,0,7,1,0,0.0,1
151581562,13,2,13,13,2,2,1,1,12,0.0,1
151054076,265,3,265,45,3,1,8,1,2,0.0,1
151536923,35,4,35,35,4,4,3,1,14,0.0,1
151562558,42,3,42,42,3,3,1,1,42,0.0,1
151448147,377,8,377,376,8,8,4,1,0,0.0,1
151565677,103,6,103,103,6,6,1,1,101,0.0,1
151431242,174,11,174,111,11,11,6,1,37,1.0,1
151178791,103,0,103,41,0,0,8,1,1,0.0,1
151314720,147,4,147,147,4,4,2,1,13,0.0,1
151536923,35,4,35,35,4,4,3,1,14,0.0,1
151443829,183,2,183,183,2,2,2,1,129,0.0,1
151262114,237,13,237,237,13,13,3,1,0,0.0,1
151042086,371,1,371,141,1,1,7,2,118,0.0,1
151027173,115,1,115,26,1,0,8,2,5,0.0,1
151519588,213,3,213,213,3,3,4,2,75,0.0,1
151078838,119,10,119,50,10,1,8,2,4,0.0,1
151280669,220,9,220,220,9,9,2,2,160,1.0,1
151381161,147,20,147,147,20,20,2,2,133,0.0,1
151094646,274,3,274,25,3,1,8,2,4,1.0,1
151376962,141,5,141,141,5,5,3,2,34,0.0,1
151523760,26,6,26,26,6,6,2,2,16,1.0,1
151234349,88,2,88,16,2,0,8,2,5,0.0,1
151385820,104,2,104,104,2,2,2,2,56,0.0,1
151260250,168,11,168,168,11,11,3,2,10,1.0,1
151038898,156,0,156,43,0,0,8,2,2,0.0,1
151250124,155,4,155,155,4,4,4,2,68,0.0,1
151045936,269,1,269,57,1,0,8,2,29,0.0,1
151478894,205,17,205,205,17,17,2,2,0,0.0,1
151052357,144,8,144,87,8,8,6,3,0,0.0,1
151435339,202,6,202,202,6,6,3,3,0,0.0,1
151149311,264,11,264,163,11,11,6,3,1,0.0,1
151377087,118,9,118,118,9,9,2,3,107,1.0,1
151371023,255,7,255,255,7,7,2,3,134,0.0,1
151209789,440,2,440,409,2,2,5,3,121,1.0,1
151638482,170,3,170,170,3,3,2,3,104,0.0,1
150998177,342,14,342,114,14,2,8,3,1,0.0,1
151265856,421,10,421,180,10,3,8,3,0,0.0,1
151260806,151,6,151,43,6,4,8,3,10,0.0,1
151396933,29,4,29,29,4,4,1,3,26,0.0,1
151043552,174,8,174,75,8,2,8,3,10,0.0,1
151508741,120,4,120,120,4,4,2,3,83,0.0,1
151073365,446,10,446,125,10,4,8,3,0,1.0,1
151159159,335,4,335,195,4,0,5,3,12,0.0,1
151600780,126,1,126,126,1,1,1,3,126,0.0,1
151290755,739,20,739,178,20,4,8,4,1,0.0,1
151317258,255,4,255,86,4,3,7,4,32,0.0,1
150955981,206,7,206,27,7,2,8,4,4,0.0,1
151248158,103,39,103,20,39,2,8,4,2,1.0,1
151080754,169,0,169,46,0,0,8,4,7,0.0,1
151175043,107,12,107,27,12,2,8,4,6,1.0,1
151520874,161,5,161,161,5,5,1,4,158,1.0,1
151481822,329,8,329,329,8,8,3,4,0,0.0,1
151320320,158,6,158,158,6,6,2,4,153,0.0,1
151380899,82,4,82,82,4,4,2,4,1,0.0,1
151347799,265,2,265,265,2,2,3,4,134,0.0,1
151383638,373,16,373,151,16,9,6,4,-10,0.0,1
151606833,504,7,504,504,7,7,2,4,174,0.0,1
151482273,218,3,218,218,3,3,2,4,94,0.0,1
151255909,36,0,36,14,0,0,8,4,2,0.0,1
151305997,142,7,142,97,7,6,5,4,1,1.0,1
151062696,199,21,199,49,21,4,7,5,0,0.0,1
151611596,297,3,297,297,3,3,2,5,1,0.0,1
151212009,383,11,383,173,11,11,8,5,16,1.0,1
151061568,253,5,253,42,5,1,8,5,3,0.0,1
150935439,469,6,469,142,6,4,8,5,13,0.0,1
151244501,342,4,342,103,4,2,8,5,12,0.0,1
151363724,275,15,275,275,15,15,2,5,237,0.0,1
151569739,671,7,671,671,7,7,2,5,1,0.0,1
151365095,150,4,150,150,4,4,1,5,143,0.0,1
151495395,335,2,335,300,2,2,5,6,101,0.0,1
151131136,282,26,282,188,26,17,5,6,4,0.0,1
151127158,206,10,206,93,10,7,7,6,22,0.0,1
151520258,202,16,202,202,16,16,3,6,2,1.0,1
151221101,278,10,278,278,10,10,3,6,1,0.0,1
151361295,754,4,754,754,4,4,2,6,397,0.0,1
150967764,75,1,75,26,1,1,8,6,0,0.0,1
151269935,256,9,256,256,9,9,3,6,125,0.0,1
151121147,226,7,226,21,7,1,8,6,0,0.0,1
151263452,285,3,285,96,3,3,8,6,14,0.0,1
151390656,477,2,477,434,2,2,5,7,208,0.0,1
151107675,373,21,373,99,21,9,8,7,4,0.0,1
151239939,667,6,667,667,6,6,3,7,314,0.0,1
151343874,291,11,291,291,11,11,4,7,149,0.0,1
151176697,437,19,437,181,19,4,8,7,2,0.0,1
151599985,189,4,189,189,4,4,2,7,73,1.0,1
151205332,665,5,665,321,5,1,6,7,0,1.0,1
151343697,164,16,164,164,16,16,4,7,75,1.0,1
151408055,511,13,511,511,13,13,4,7,232,0.0,1
151298134,442,5,442,114,5,4,8,8,1,0.0,1
151128021,200,7,200,153,7,6,5,8,1,0.0,1
151191459,263,5,263,123,5,2,7,8,10,0.0,1
151403706,302,8,302,302,8,8,2,8,0,0.0,1
151263858,460,38,460,415,38,37,5,8,1,0.0,1
151268762,312,4,312,136,4,2,7,8,40,0.0,1
150946187,179,5,179,32,5,0,8,8,5,0.0,1
151014520,486,9,486,150,9,2,7,9,4,0.0,1
151236236,441,6,441,441,6,6,3,9,243,0.0,1
151347459,403,17,403,403,17,17,1,9,323,0.0,1
151282306,306,3,306,112,3,3,6,9,151,0.0,1
151479922,665,17,665,665,17,17,4,10,189,0.0,1
150966945,852,27,852,315,27,10,8,10,0,0.0,1
151341950,234,5,234,234,5,5,3,10,132,0.0,1
151230128,696,5,696,696,5,5,3,10,369,0.0,1
151004779,581,18,581,181,18,8,8,10,1,0.0,1
151239192,1039,31,1039,1039,31,31,3,10,481,0.0,1
151361108,638,30,638,638,30,30,2,11,447,0.0,1
151128507,116,4,116,58,4,2,5,11,58,0.0,1
151345992,163,3,163,90,3,2,5,11,73,0.0,1
151034602,439,11,439,124,11,0,8,12,12,0.0,1
151246197,608,8,608,188,8,1,8,12,21,0.0,1
151388206,600,4,600,600,4,4,2,12,253,0.0,1
151426594,207,14,207,207,14,14,2,13,0,0.0,1
151228943,320,15,320,320,15,15,4,13,0,0.0,1
150978609,598,12,598,200,12,5,8,13,2,0.0,1
151245979,149,7,149,36,7,4,8,13,10,0.0,1
151304970,500,20,500,500,20,20,2,14,1,1.0,1
151212255,880,27,880,880,27,27,4,14,1,0.0,1
151153596,381,6,381,89,6,3,6,14,0,0.0,1
151385111,314,21,314,314,21,21,3,15,93,0.0,1
151202231,111,6,111,30,6,0,8,15,1,1.0,1
151312363,1031,55,1031,551,55,37,6,15,1,1.0,1
150940632,467,11,467,98,11,6,8,15,19,0.0,1
151525457,383,24,383,383,24,24,2,15,0,0.0,1
151268636,346,18,346,292,18,18,5,16,0,0.0,1
151092661,851,8,851,469,8,8,6,16,2,0.0,1
150986747,492,6,492,158,6,3,8,17,2,0.0,1
151508771,151,4,151,151,4,4,1,17,151,0.0,1
151178288,765,42,765,229,42,17,8,18,0,0.0,1
151096696,296,24,296,154,24,16,5,18,0,0.0,1
151337671,370,53,370,370,53,53,1,18,370,0.0,1
151067888,148,28,148,75,28,25,6,19,4,0.0,1
150982770,1311,11,1311,273,11,4,8,20,0,0.0,1
151161611,1197,31,1197,289,31,8,8,20,40,1.0,1
151185593,785,34,785,201,34,11,8,21,2,0.0,1
151550201,574,32,574,574,32,32,3,21,1,0.0,1
151335971,1767,13,1767,1767,13,13,3,22,1,0.0,1
151415385,1431,64,1431,939,64,50,5,24,2,0.0,1
151248338,835,9,835,335,9,3,8,24,4,0.0,1
151338584,1032,37,1032,1032,37,37,2,24,2,0.0,1
151344000,437,29,437,125,29,12,7,32,12,0.0,1
151168912,1083,44,1083,427,44,21,7,32,0,0.0,1
151327920,678,45,678,157,45,16,8,36,2,0.0,1
151527492,1195,31,1195,1195,31,31,2,40,2,0.0,1
151012088,885,22,885,268,22,6,8,56,7,0.0,1
151420848,2135,81,2135,2135,81,81,4,60,0,0.0,1
151650661,53,5,53,53,5,5,1,0,50,0.0,1
132942302,126,4,126,126,4,4,4,0,13,0.0,1
151347265,56,3,56,10,3,3,7,0,33,0.0,1
139884775,27,0,27,27,0,0,2,1,19,1.0,1
151626410,229,12,229,229,12,12,2,1,129,0.0,1
151235445,69,1,69,16,1,0,8,1,1,1.0,1
151474853,104,11,104,104,11,11,4,1,34,0.0,1
150772184,252,2,128,47,1,1,15,2,5,0.0,1
150276482,175,7,70,50,4,4,13,2,19,0.0,1
151539080,132,12,132,132,12,12,2,2,129,0.0,1
150811101,554,14,336,172,9,8,16,2,8,0.0,1
148187294,465,6,444,444,6,6,4,3,1,0.0,1
151306500,313,19,313,177,19,13,5,3,-2,0.0,1
151132347,90,4,90,85,4,4,4,3,0,0.0,1
151676844,85,10,85,85,10,10,1,3,0,1.0,1
151354943,194,9,194,194,9,9,2,3,133,0.0,1
151132347,90,4,90,85,4,4,4,3,0,0.0,1
138974024,302,4,300,105,4,2,8,4,4,0.0,1
151079018,399,12,344,85,10,3,9,4,28,0.0,1
151339572,193,5,193,193,5,5,1,4,2,0.0,1
151355822,100,11,100,100,11,11,1,4,98,1.0,1
151263070,240,1,240,240,1,1,3,4,108,0.0,1
150983135,346,6,346,183,6,3,8,4,1,0.0,1
150896443,782,18,538,284,13,8,9,4,1,1.0,1
146146518,292,6,284,33,6,0,8,5,1,1.0,1
151425807,781,36,781,616,36,32,5,5,3,0.0,1
151323654,663,5,663,410,5,2,7,5,0,0.0,1
151363481,1251,16,1251,758,16,10,6,5,1,0.0,1
151470511,188,10,188,188,10,10,1,5,0,0.0,1
151117724,824,25,824,647,25,25,5,5,3,0.0,1
150870156,549,40,181,62,18,2,13,5,4,0.0,1
151345640,210,12,210,210,12,12,1,5,210,0.0,1
151351696,174,10,174,174,10,10,1,5,171,0.0,1
151377576,353,5,353,219,5,3,6,5,116,0.0,1
150765871,665,6,115,21,1,0,13,5,8,1.0,1
151302931,781,16,781,473,16,9,7,6,3,0.0,1
150776711,554,37,400,294,21,15,11,6,0,0.0,1
151366575,241,5,241,241,5,5,1,6,241,0.0,1
151701349,155,7,155,155,7,7,1,6,155,0.0,1
151015580,611,23,370,13,13,0,9,7,6,1.0,1
151148950,337,28,322,129,27,13,4,7,59,0.0,1
151140781,230,14,216,144,14,10,9,7,38,0.0,1
151287848,221,11,221,221,11,11,2,7,9,1.0,1
151130808,540,20,540,482,20,20,5,7,78,1.0,1
151148950,337,28,322,129,27,13,4,7,59,0.0,1
151297037,248,8,248,248,8,8,2,7,0,0.0,1
150392988,917,11,402,101,6,2,16,7,6,0.0,1
150776706,874,16,471,167,10,6,15,7,0,0.0,1
150992304,934,32,663,346,27,21,11,8,28,0.0,1
151475311,262,8,262,262,8,8,3,8,0,0.0,1
139271672,377,10,376,214,10,9,6,8,0,0.0,1
151417928,688,14,688,688,14,14,3,8,2,0.0,1
150946961,826,24,477,106,17,12,9,9,27,0.0,1
151478680,342,11,342,342,11,11,4,9,41,0.0,1
122623324,1680,26,860,368,18,9,15,9,23,0.0,1
151635464,221,11,221,221,11,11,1,9,0,0.0,1
150838903,579,19,320,156,14,6,12,10,1,1.0,1
151356387,609,29,609,415,29,27,6,10,1,0.0,1
151442602,892,41,892,892,41,41,3,10,1,0.0,1
150604467,628,6,258,35,2,0,14,10,5,0.0,1
151524967,334,9,334,334,9,9,2,11,230,0.0,1
151350653,426,14,426,426,14,14,2,11,312,0.0,1
150792433,1153,55,533,201,29,17,15,12,2,0.0,1
151634291,379,29,379,379,29,29,2,12,2,0.0,1
151145178,555,22,406,259,17,13,10,12,2,0.0,1
151474562,502,12,502,502,12,12,4,12,23,0.0,1
150808370,751,8,488,222,4,3,15,12,0,0.0,1
151326555,1083,17,1083,1083,17,17,4,13,1,0.0,1
151557711,243,5,243,243,5,5,2,13,0,0.0,1
151260491,714,7,714,714,7,7,4,13,310,0.0,1
151469182,684,13,684,508,13,10,5,13,12,0.0,1
150568766,837,25,486,130,7,4,15,14,16,0.0,1
150883235,1688,12,1059,497,8,6,12,14,32,0.0,1
151491560,672,25,672,672,25,25,3,14,268,0.0,1
150298040,673,12,471,259,12,11,16,14,44,0.0,1
151370582,495,21,495,388,21,9,6,14,1,0.0,1
151581492,1188,32,1188,1188,32,32,2,15,0,0.0,1
151651892,149,10,149,149,10,10,1,15,149,0.0,1
151358477,1513,10,1513,628,10,7,6,16,0,0.0,1
151219400,1113,24,1113,511,24,6,8,16,1,0.0,1
151133622,1439,9,1439,1094,9,6,5,17,1,0.0,1
149933696,3109,53,312,97,5,4,29,18,2,1.0,1
151296363,1283,12,1283,783,12,5,8,18,1,0.0,1
151121087,1368,42,1368,1202,42,36,5,18,0,0.0,1
150935886,1133,23,1132,710,23,8,8,21,1,0.0,1
151037656,1418,42,962,328,27,14,11,23,3,0.0,1
151504692,1249,25,1249,1249,25,25,3,24,1,0.0,1
150861056,3390,27,1793,586,15,8,16,24,1,0.0,1
134384811,2153,38,2151,1435,38,23,6,25,0,0.0,1
151525714,569,33,569,569,33,33,4,26,0,0.0,1
151115570,825,6,619,366,5,0,10,27,0,1.0,1
150734710,923,50,558,248,34,20,12,27,2,0.0,1
151047535,2091,55,1573,1272,39,26,10,28,0,0.0,1
151360696,718,23,718,718,23,23,2,28,0,0.0,1
150573582,2194,73,1191,545,52,21,15,29,2,1.0,1
150425823,2546,45,649,190,17,4,19,30,1,0.0,1
150447622,775,41,383,97,18,5,16,30,1,0.0,1
150564969,5946,59,2467,693,25,2,16,31,0,0.0,1
150959849,3496,128,3496,1530,128,63,8,32,0,0.0,1
151399071,1705,31,1705,1705,31,31,4,34,2,0.0,1
151174469,2373,48,2373,2373,48,48,4,35,0,0.0,1
151160563,271,0,271,94,0,0,7,35,1,0.0,1
151382604,2589,56,2589,2321,56,54,5,37,2,1.0,1
128306030,1731,23,1731,942,23,16,7,40,0,0.0,1
150977089,3071,61,3071,1450,61,29,8,45,0,0.0,1
150600663,2568,58,1410,817,29,23,14,45,0,0.0,1
151162039,1505,60,872,142,34,9,9,47,1,0.0,1
151037232,1447,53,1447,641,53,27,7,47,0,0.0,1
150739577,4353,78,2129,907,43,3,16,72,51,0.0,1
145891961,2202,75,2201,692,75,26,8,72,1,0.0,1
150009324,7722,121,1233,223,39,4,29,78,0,0.0,1
150681747,8465,112,3960,1833,51,24,16,81,3,0.0,1
151259380,2612,149,2612,1827,149,103,6,82,1,0.0,1
135892985,17394,476,7407,2462,232,74,38,235,2,18.0,1
151149335,733,7,733,643,7,5,6,0,2,0.0,1
133337233,259,6,243,37,6,0,9,1,8,1.0,1
150717645,581,1,213,55,0,0,13,1,8,0.0,1
150557330,422,9,166,28,6,3,16,2,8,0.0,1
151085786,414,8,414,315,8,8,6,2,42,0.0,1
142413597,656,6,600,305,4,2,9,3,0,0.0,1
150440161,159,3,78,7,2,0,17,3,0,0.0,1
150786721,426,14,272,197,12,6,11,3,83,0.0,1
146760005,251,3,147,101,2,2,13,3,41,1.0,1
150283050,639,9,182,23,6,0,24,3,4,0.0,1
150701306,1061,9,420,101,2,0,15,5,1,1.0,1
151367711,642,6,642,498,6,4,5,6,0,0.0,1
151058429,873,6,617,303,5,3,11,8,7,0.0,1
140213657,390,10,305,171,8,7,10,8,0,0.0,1
149163029,2936,28,480,267,10,3,37,9,1,0.0,1
150052277,2200,18,109,13,0,0,27,9,3,0.0,1
151302847,497,45,497,255,45,16,6,10,0,0.0,1
150513185,263,17,93,70,10,9,17,10,20,0.0,1
148659633,1516,51,695,578,18,13,18,11,0,8.0,1
150235880,425,8,138,47,1,1,22,11,1,1.0,1
150538362,898,23,444,35,4,1,16,11,6,0.0,1
151112533,1117,39,1057,445,39,24,9,12,0,1.0,1
151531647,413,8,413,413,8,8,3,13,1,0.0,1
111420554,2040,20,252,87,6,4,27,14,0,0.0,1
151122291,1075,70,1075,900,70,62,5,15,0,0.0,1
151318379,628,17,628,487,17,16,6,16,1,0.0,1
151056394,918,46,918,685,46,40,6,18,1,0.0,1
150432771,689,28,243,95,10,8,22,19,1,1.0,1
150683568,1972,24,586,156,9,5,15,20,0,0.0,1
150817370,1932,26,362,234,4,4,16,22,1,0.0,1
147359432,1134,13,643,213,8,4,15,22,0,1.0,1
150903969,2127,23,1008,340,6,2,13,23,1,0.0,1
150493662,1324,30,548,239,14,8,18,25,1,1.0,1
150722749,1444,33,1043,429,18,4,17,26,1,0.0,1
150688499,2661,67,801,168,27,9,16,29,1,0.0,1
150856820,4415,84,3611,1683,71,30,10,34,2,0.0,1
150636144,3010,67,1093,182,27,6,11,39,1,0.0,1
150636144,3010,67,1093,182,27,6,11,39,1,0.0,1
148840391,4793,57,1397,713,23,13,41,39,0,3.0,1
146417744,838,28,130,39,2,0,24,39,2,0.0,1
150673839,1146,65,439,164,15,7,14,40,0,0.0,1
150744665,2816,43,1558,777,26,4,12,40,0,0.0,1
148982247,1545,39,274,109,11,7,41,40,0,2.0,1
142966867,3087,62,917,258,22,11,42,41,2,1.0,1
150783550,2273,101,1423,229,61,13,11,47,1,0.0,1
151362419,1743,62,1743,1276,62,49,5,47,467,0.0,1
151001433,2139,88,1328,222,66,12,9,50,1,0.0,1
147461135,3638,69,1792,537,36,17,16,52,37,0.0,1
150651240,2622,73,1137,259,28,4,18,65,0,0.0,1
150115597,3672,89,760,483,25,17,29,68,1,0.0,1
150860140,8411,152,5467,2105,99,41,12,75,0,1.0,1
150802280,1014,28,714,392,23,13,12,76,1,1.0,1
142596993,3855,125,1678,955,44,34,15,88,0,0.0,1
150146281,9874,122,2342,1519,74,49,24,117,0,0.0,1
145206860,156,2,41,40,0,0,9,0,22,0.0,1
151129371,372,3,372,55,3,0,8,2,0,0.0,1
150951108,928,11,532,223,9,7,12,3,3,0.0,1
150825239,646,15,228,102,3,1,15,7,1,0.0,1
150595980,578,6,283,180,0,0,16,7,1,0.0,1
151261090,601,5,601,601,5,5,4,8,116,0.0,1
150851127,644,28,564,248,21,7,10,9,0,0.0,1
149946243,1029,3,248,141,0,0,28,9,38,0.0,1
150103645,671,7,234,107,4,3,27,10,33,0.0,1
145971570,436,17,189,79,10,7,21,15,15,1.0,1
150618982,943,46,203,58,32,12,17,15,1,0.0,1
150036685,475,8,166,44,4,1,26,16,2,1.0,1
150231745,884,27,215,67,18,5,26,18,0,0.0,1
151007633,1521,17,1521,1002,17,14,8,19,1,0.0,1
150572303,1837,30,1102,499,15,10,15,19,106,0.0,1
137141564,3540,64,1093,357,21,7,21,23,0,0.0,1
149837096,2762,50,414,412,14,14,15,24,1,0.0,1
150190196,1451,28,580,380,13,7,28,25,105,0.0,1
137876024,581,36,581,390,36,16,7,26,2,0.0,1
135807140,1934,94,922,638,30,18,17,29,0,0.0,1
151071940,1449,70,1227,909,66,54,12,30,0,0.0,1
149717984,1064,55,307,104,17,7,21,45,3,0.0,1
149864420,3250,151,858,305,66,27,28,56,1,0.0,1
149751368,8727,56,1053,359,15,13,33,62,0,0.0,1
149697784,4484,49,665,162,8,1,35,68,2,0.0,1
150593262,888,42,183,76,19,13,20,73,0,0.0,1
150322746,1963,66,503,209,24,4,23,80,1,0.0,1
149721596,828,13,197,79,4,2,29,11,1,0.0,1
149870668,1759,16,370,98,1,0,31,14,3,0.0,1
151323705,1926,30,1926,715,30,17,7,14,1,1.0,1
147686656,644,28,129,89,5,5,30,18,2,0.0,1
149842971,1976,39,196,146,1,1,28,22,2,0.0,1
148953506,1654,40,326,176,13,8,34,28,0,3.0,1
150571551,2462,65,1559,788,53,43,16,34,2,0.0,1
150465584,2493,28,1106,417,23,9,17,35,2,0.0,1
149973375,1866,23,465,245,5,5,32,42,0,0.0,1
149952875,2144,153,528,426,35,28,33,61,169,0.0,1
149654437,3328,88,1464,1462,41,41,21,69,2,1.0,1
148075978,595,14,144,36,3,1,38,6,5,0.0,1
146748476,2271,8,517,314,0,0,42,8,30,4.0,1
142520498,507,8,242,223,4,4,30,10,0,0.0,1
149605203,1140,13,259,126,1,1,37,11,17,0.0,1
130341554,690,19,655,403,19,12,12,12,1,1.0,1
147334806,1150,17,191,74,0,0,41,13,1,2.0,1
149668122,510,19,137,137,8,8,29,13,37,0.0,1
137863295,1545,18,604,374,13,10,22,15,1,0.0,1
150986350,613,13,613,323,13,10,8,16,27,1.0,1
150841217,727,74,574,224,46,24,9,26,86,0.0,1
150822541,561,39,367,142,30,15,10,30,8,0.0,1
142337458,2590,42,446,172,12,7,37,30,3,5.0,1
150492289,4352,71,1929,1181,42,28,20,32,2,1.0,1
150215257,894,35,81,51,4,3,27,33,21,0.0,1
149623937,3746,67,167,99,4,3,40,50,0,1.0,1
148723879,2439,41,519,286,8,4,41,20,1,1.0,1
148430418,4568,39,854,236,7,2,41,29,11,2.0,1
150104448,1662,75,330,303,25,23,23,38,1,1.0,1
137934821,3612,57,599,216,12,3,39,77,0,1.0,1
148182287,4935,132,852,410,17,6,39,89,1,5.0,1
137863216,5049,102,1665,1147,34,20,30,100,0,6.0,1
142367169,2477,34,319,184,4,2,42,42,0,3.0,1
149003341,469,15,231,168,8,8,41,9,1,0.0,1
150878368,2663,23,2112,1213,23,17,10,24,0,0.0,1
149351655,2673,39,1202,528,20,8,24,26,31,1.0,1
149196995,3966,55,566,382,11,5,42,33,3,2.0,1
